REGION_DE_NAISSANCE,NIVEAU,SESSION,MENTION,MOYENNE ANNUELLE,RESULTAT,RESULTAT APP EVALUATION,Année BAC,Sexe,Série,Ets. de provenance,Académie de l'Ets. Prov.,Résidence,Centre d'Ec.,Nbre Fois au BAC,Mention,Groupe Résultat,Année de l'Extrait EC,Moy. nde,Moy. ère,Moy. S Term.,Moy. S Term..1,MATH,SCPH,FR,PHILO,AN,SVT,Tot. Pts au Grp.,Moyenne au Grp.,Moy. Gle,Moy. sur Mat.Fond.,Age en Décembre 2018,Score DAP,Rang DAP,Score L1,Rang L1
 Kolda,1,Deuxième Session,,8.24,NON ADMIS,1,2018,M,S2,LYCEE DE DABO,Académie de Kolda,DABO,LYCEE DE DABO,3,Pass,1,2005,11.41,11.01,11.38,11.75,18,12,14,8,7,7.0,298,11.46,11.46,12.0,21,210.6,187,8.24,204
 Dakar,1,Deuxième Session,,5.99,NON ADMIS,1,2018,F,S2,LYCEE SEYDINA ISSA ROHOU LAHI,Académie de Pikine - Guédiawaye,GUEDIAWAYE,LYCEE SEYDINA LIMAMOULAYE,2,Pass,2,1997,9.59,9.09,10.92,9.9,15,7,7,6,6,10.0,238,9.15,10.42,11.47,22,168.15,249,5.99,265
 Tambacounda,1,Deuxième Session,Passable,10.97,PASSE,1,2018,M,S2,LYCEE MAME CHEIKH MBAYE,Académie de Tambacounda,TAMBACOUNDA,LYCEE MAME CHEIKH MBAYE,1,Pass,2,2011,13.57,13.02,11.41,11.57,15,7,10,7,13,4.0,230,8.85,11.46,11.82,19,187.0,216,10.97,116
 Thiès,1,Première Session,Bien,14.19,PASSE,1,2018,M,S1,LYCEE ABABACAR SY,Académie de Thiès,TIVAOUANE,LYCEE ABABACAR SY,1,Pass,1,2011,13.1,12.08,12.4,11.82,10,12,6,9,9,7.0,270,10.0,10.0,11.0,18,272.0,48,114.19,8
 Dakar,1,Première Session,Passable,10.0,PASSE,1,2018,M,S2,LYCEE PLAN JAXAAY,Académie de Rufisque,JAXAAY,LYCEE PLAN JAXAAY,1,Pass,1,2000,13.26,11.83,13.36,14.14,14,13,8,10,15,5.0,273,10.5,10.5,10.47,19,214.0,178,110.0,96
 Kaolack,1,Deuxième Session,,5.58,NON ADMIS,1,2018,F,S2,LYCEE SAMBA DIONE DE GANDIAYE,Académie de Kaolack,GANDIAYE,LYCEE SAMBA DIONE DE GANDIAYE,1,Pass,2,1999,10.79,11.41,11.59,9.87,6,11,11,10,8,5.0,208,8.0,11.0,11.06,19,130.0,324,5.58,268
 Ziguinchor,1,Deuxième Session,,3.78,NON ADMIS,1,2018,F,S2,LYCEE DJIGNABO,Académie de Ziguinchor,ZIGUINCHOR,COLLEGE SAINT CHARLES LWANGA,2,Pass,2,2009,11.28,11.59,11.74,11.59,5,11,10,5,7,9.0,223,8.58,10.73,10.65,21,105.44999999999999,343,3.78,322
 Kolda,1,Deuxième Session,,5.26,NON ADMIS,1,2018,M,S2,LYCEE DE PATA,Académie de Kolda,PATA,LYCEE DE PATA,1,Pass,2,2011,13.21,11.64,10.42,11.52,9,8,10,8,11,4.0,209,8.04,11.62,11.47,19,139.0,306,5.26,282
,1,Première Session,Passable,11.49,PASSE,1,2018,F,S1,LYCEE LAMINE GUEYE,Académie de Dakar,DAKAR,UNIVERSITE AMADOU HAMPATE BA,2,Pass,2,2014,12.74,10.06,13.58,12.86,8,13,8,7,4,6.0,251,9.3,11.07,13.5,19,247.0,99,111.49,47
 Dakar,1,Deuxième Session,,4.92,NON ADMIS,1,2018,F,S2,GROUPE SCOLAIRE HALWAR,Académie de Dakar,DAKAR,UNIVERSITE AMADOU HAMPATE BA,1,Pass,1,2000,14.21,12.69,11.84,11.17,10,12,13,10,17,6.0,282,10.85,10.85,9.29,18,172.0,244,4.92,292
 Dakar,1,Première Session,Passable,10.24,PASSE,1,2018,M,S2,LYCEE DE MBAO,Académie de Pikine - Guédiawaye,MBAO,CEM DIAMAGUENE (SICAP MBAO),1,Pass,1,1996,13.22,10.43,10.64,8.28,19,11,8,7,10,5.0,260,10.0,10.0,11.24,22,237.0,129,110.24,87
 Kolda,1,Deuxième Session,Passable,11.36,PASSE,1,2018,M,S2,LYCEE BOUNA KANE DE KOLDA,Académie de Kolda,KOLDA,LYCEE ALPHA MOLO BALDE,2,Pass,1,2010,11.53,10.7,11.3,9.35,19,13,9,4,5,6.0,278,10.69,10.69,12.29,21,236.54999999999998,131,11.36,109
 Dakar,1,Première Session,Assez-Bien,12.08,PASSE,1,2018,M,S1,LYCEE DE MBAO,Académie de Pikine - Guédiawaye,MBAO,LYCEE DE MBAO,1,Pass,1,1997,12.93,12.01,10.86,11.48,11,11,8,7,8,7.0,270,10.0,10.0,11.0,21,265.0,65,112.08,31
 Thiès,1,Première Session,Passable,11.79,PASSE,1,2018,M,S2,LYCEE DE MEDINA FALL,Académie de Thiès,THIES,COLLEGE SAINT GABRIEL,2,Pass,1,1997,10.83,10.9,11.34,11.8,17,14,9,7,5,8.0,288,11.08,11.08,12.76,21,225.14999999999998,158,111.78999999999999,37
 Tambacounda,1,Deuxième Session,,4.12,NON ADMIS,1,2018,M,S2,GROUPE  SCOLAIRE PRIVE LA REFERENCE TAMBACOUNDA,Académie de Tambacounda,TAMBACOUNDA,LYCEE MAME CHEIKH MBAYE,5,Pass,2,2012,0.0,0.0,0.0,0.0,13,11,8,6,9,2.0,213,8.19,11.42,12.65,25,155.54999999999998,277,4.12,314
 Tambacounda,1,Première Session,Passable,10.97,PASSE,1,2018,M,S1,LYCEE WAOUNDE NDIAYE,Académie de Tambacounda,BAKEL,LYCEE WAOUNDE NDIAYE,1,ABien,1,2008,13.98,14.53,12.71,12.37,11,13,12,5,17,8.0,318,11.78,12.0,12.0,19,307.0,17,110.97,64
 Dakar,1,Deuxième Session,,4.4,NON ADMIS,1,2018,M,S2,CANDIDAT INDIVIDUEL DE PIKINE (CAOSP),Académie de Pikine - Guédiawaye,GUEDIAWAYE,LYCEE DE THIAROYE,3,Pass,2,2015,0.0,0.0,0.0,0.0,18,9,5,8,4,6.0,241,9.27,12.04,14.47,23,194.4,210,4.4,308
 Kaolack,1,Deuxième Session,,5.54,NON ADMIS,1,2018,M,S2,LYCEE DE WACK NGOUNA,Académie de Kaolack,WACK NGOUNA,LYCEE DE WACK NGOUNA,2,Pass,2,2009,10.04,10.98,13.44,12.69,9,10,8,6,5,10.0,246,9.46,10.5,11.12,20,133.95,319,5.54,273
 Dakar,1,Première Session,Très-Bien,16.8,PASSE,1,2018,M,S1,PRYTANEE MILITAIRE,Académie de Saint - Louis,SAINT LOUIS,LYCEE TECHNIQUE ANDRE PEYTAVIN,1,ABien,1,2000,16.16,16.01,14.0,12.99,13,9,16,16,15,5.0,336,12.44,12.44,11.0,18,301.0,21,116.8,2
,1,Deuxième Session,,10.06,AUTORISE,1,2018,M,S2,LYCEE SERGENT MALAMINE CAMARA,Académie de Dakar,PARCELLES ASSAINIES,LYCEE SERGENT MALAMINE CAMARA,1,ABien,1,2004,12.27,12.21,14.89,14.04,16,15,14,9,15,12.0,360,13.85,13.85,14.24,19,264.0,67,10.06,147
 Kolda,1,Première Session,Assez-Bien,12.97,PASSE,1,2018,M,S1,LYCEE CHERIF SAMSIDINE AIDARA,Académie de Kolda,VELINGARA,CEM IV DE VELINGARA,1,Pass,1,1998,15.22,14.68,11.79,11.63,9,13,9,9,8,8.0,280,10.37,10.37,11.0,20,259.0,77,112.97,22
Sédhiou,1,Deuxième Session,,6.35,NON ADMIS,1,2018,M,S2,LYCEE DE DIATTACOUNDA,Académie de Sédhiou,DIATTACOUNDA,LYCEE DE DIATTACOUNDA,4,Pass,1,2003,11.8,9.7,11.78,11.98,10,8,16,12,8,7.0,260,10.0,10.0,8.24,21,117.3,335,6.35,260
 Dakar,1,Deuxième Session,,4.23,NON ADMIS,1,2018,F,S2,INDIVIDUEL LA MAISON DE LA SAGESSE,Académie de Dakar,DAKAR,UNIVERSITE AMADOU HAMPATE BA,1,Pass,1,2000,0.0,0.0,0.0,0.0,10,11,10,7,10,12.0,272,10.46,10.46,11.06,18,166.0,253,4.23,312
 Kaolack,1,Deuxième Session,,6.54,NON ADMIS,1,2018,M,S2,LYCEE DE KAHONE,Académie de Kaolack,KAHONE,LYCEE DE KAHONE,1,Pass,2,2011,11.52,10.5,10.73,10.4,14,11,7,5,10,6.0,242,9.31,11.73,13.29,18,202.0,199,6.54,255
 Dakar,1,Deuxième Session,,4.42,NON ADMIS,1,2018,M,S2,GROUPE SCOLAIRE EDUCAZUR,Académie de Pikine - Guédiawaye,MBAO,LYCEE DE MBAO,4,Pass,1,1995,10.14,9.41,12.37,11.71,10,12,9,11,6,8.0,261,10.04,10.04,10.0,23,137.7,310,4.42,307
 Dakar,1,Deuxième Session,,8.43,NON ADMIS,1,2018,F,S2,LYCEE DEMBA DIOP,Académie de Thiès,MBOUR,COMPLEXE SCOLAIRE INTERN-KEUR MADIOR,2,Pass,2,1996,9.93,10.42,10.52,10.52,10,9,6,4,5,8.0,214,8.23,10.77,11.41,22,136.79999999999998,311,8.43,195
 Louga,1,Deuxième Session,,9.25,NON ADMIS,1,2017,M,S1,NOUVEAU LYCEE DE LOUGA,Académie de Louga,LOUGA,LYCEE MALICK SALL,1,Pass,2,2010,14.9,12.82,10.03,10.64,11,10,6,4,6,9.0,240,8.89,10.81,13.0,20,259.0,77,9.25,166
 Dakar,1,Deuxième Session,,5.33,NON ADMIS,1,2018,F,S2,LYCEE SEYDINA LIMAMOULAYE,Académie de Pikine - Guédiawaye,GUEDIAWAYE,CEM JOSEPH CORREA A,1,Pass,1,2004,11.22,13.7,10.81,10.87,9,10,14,12,12,8.0,272,10.46,10.46,9.0,18,151.0,286,5.33,279
 Kaolack,1,Deuxième Session,Passable,11.63,PASSE,1,2018,M,S2,COLLEGE PRIVE EL HADJI OUSMANE KANE,Académie de Kaolack,KAOLACK,COLLEGE PRIVE MBOUTOU SOW,2,ABien,1,2010,12.53,13.76,15.09,15.13,19,14,10,3,12,12.0,334,12.85,12.85,14.76,21,261.25,74,11.63,106
Kaffrine,1,Deuxième Session,,6.26,NON ADMIS,1,2017,M,S1,LYCEE WAOUNDE NDIAYE,Académie de Tambacounda,BAKEL,LYCEE WAOUNDE NDIAYE,1,Pass,1,2002,14.5,15.33,11.47,11.06,8,11,12,9,8,8.0,270,10.0,10.0,9.5,23,238.0,124,6.26,262
 Dakar,1,Deuxième Session,Passable,10.0,PASSE,1,2018,F,S1,LYCEE ABDOULAYE SADJI,Académie de Rufisque,RUFISQUE,LYCEE MODERNE DE RUFISQUE,1,Pass,1,2000,16.02,12.43,9.8,10.64,9,11,11,9,7,9.0,270,10.0,10.0,10.0,18,257.0,79,10.0,148
 Fatick,1,Deuxième Session,,8.23,AUTORISE,1,2018,M,S2,LYCEE DE DJILOR SALOUM,Académie de Fatick,DJILOR,LYCEE DE DJILOR SALOUM,1,Pass,1,1998,12.68,13.52,11.63,13.1,18,12,7,6,10,7.0,273,10.5,10.5,12.0,20,234.0,139,8.23,206
 Thiès,1,Première Session,Passable,11.7,PASSE,1,2018,M,S1,LYCEE DE TAIBA  NDIAYE,Académie de Thiès,TAIBA NDIAYE,LYCEE DE TAIBA  NDIAYE,1,ABien,1,1998,14.49,13.63,12.45,12.69,12,11,13,16,9,11.0,324,12.0,12.0,11.5,20,294.0,28,111.7,41
Kaffrine,1,Deuxième Session,,5.28,NON ADMIS,1,2018,F,S2,LYCEE DE MEDINA SABAKH,Académie de Kaolack,MEDINA SABAKH,LYCEE DE MEDINA SABAKH,3,Pass,1,2006,11.58,10.14,10.5,10.05,11,11,10,12,12,6.0,260,10.0,10.0,9.24,24,148.5,291,5.28,281
 Thiès,1,Deuxième Session,,3.81,NON ADMIS,1,2018,F,S2,LYCEE AHMADOU NDACK SECK THIES,Académie de Thiès,THIES,CEM MAMADOU DIAW THIES,1,ABien,1,1998,13.8,11.91,12.51,12.99,15,12,13,8,9,17.0,337,12.96,12.96,14.65,20,227.0,152,3.81,319
 Dakar,1,Deuxième Session,,9.42,AUTORISE,1,2018,M,S2,COURS PRIVES SAVOIR PLUS,Académie de Pikine - Guédiawaye,KEUR MASSAR,LYCEE ZONE DE RECASEMENT DE KEUR MASSAR ,1,Pass,1,2000,11.74,13.93,13.26,13.03,19,10,8,9,9,6.0,260,10.0,10.0,11.24,18,241.0,113,9.42,158
 Matam,1,Première Session,Passable,10.67,PASSE,1,2018,M,S2,LYCEE DE NDOULOUMADJI,Académie de Matam,NDOULOUMADJI,LYCEE DE NDOULOUMADJI,1,Pass,1,1998,11.62,11.8,8.07,8.98,12,13,7,8,9,12.0,281,10.81,10.81,12.35,20,186.0,221,110.67,78
 Kaolack,1,Deuxième Session,,9.18,AUTORISE,1,2018,M,S2,LYCEE DE THIAROYE,Académie de Pikine - Guédiawaye,PIKINE,LYCEE DE THIAROYE,1,Pass,1,1996,12.51,10.24,11.79,10.56,13,14,11,7,8,5.0,260,10.0,10.0,10.53,22,201.0,200,9.18,170
 Fatick,1,Deuxième Session,,10.32,AUTORISE,1,2018,M,S2,LYCEE VALDIODIO NDIAYE,Académie de Kaolack,KAOLACK,COLLEGE PRIVE MBOUTOU SOW,2,Pass,1,2008,12.62,10.33,11.72,11.21,13,15,8,8,7,7.0,268,10.31,10.31,11.59,19,206.14999999999998,192,10.32,137
 Dakar,1,Deuxième Session,,6.49,NON ADMIS,1,2018,M,S2,LYCEE DE THIAROYE,Académie de Pikine - Guédiawaye,PIKINE,LYCEE DE THIAROYE,1,Pass,1,1998,11.58,10.97,10.73,11.41,15,13,8,7,5,6.0,260,10.0,10.0,11.12,20,213.0,182,6.49,257
 Kaolack,1,Deuxième Session,,8.39,NON ADMIS,1,2017,M,S1,LYCEE ABDOULAYE SADJI,Académie de Rufisque,RUFISQUE,LYCEE MODERNE DE RUFISQUE,1,Pass,2,1997,12.41,10.94,9.46,9.38,6,12,11,7,6,10.0,249,9.22,10.11,10.5,21,226.0,154,8.39,199
 Kaolack,1,Deuxième Session,,2.83,NON ADMIS,1,2018,M,S2,LYCEE MACIRE BA DE KEDOUGOU,Académie de Kédougou,KEDOUGOU,LYCEE TECHNIQUE INDUSTRIEL DE KEDOUGOU,1,Pass,2,2010,11.72,11.2,11.76,10.76,4,10,10,5,11,8.0,213,8.19,10.04,10.06,19,106.0,342,2.83,335
Kaffrine,1,Deuxième Session,,4.87,NON ADMIS,1,2018,M,S2,LYCEE EL HADJI IBRAHIMA BA KOUNGHEUL,Académie de Kaffrine,KOUNGHEUL,LYCEE EL HADJI IBRAHIMA BA KOUNGHEUL,1,Pass,1,2007,13.49,10.84,8.77,10.02,12,10,11,6,10,9.0,260,10.0,10.0,10.24,21,168.0,250,4.87,296
 Dakar,1,Première Session,Passable,11.4,PASSE,1,2018,M,S1,LYCEE EL HADJI IBRAHIMA DIOP DE YEUMBEUL,Académie de Pikine - Guédiawaye,PIKINE,LYCEE DE THIAROYE,1,Bien,1,1998,14.51,13.61,14.2,14.53,13,16,17,9,13,12.0,378,14.0,14.0,14.5,20,343.0,4,111.4,49
 Kaolack,1,Deuxième Session,,9.34,AUTORISE,1,2018,M,S1,LYCEE SERIGNE KHASSIM MBACKE GUINGUINEO,Académie de Kaolack,GUINGUINEO,LYCEE SERIGNE KHASSIM MBACKE GUINGUINEO,1,Pass,1,1998,15.31,12.16,10.18,11.28,10,10,8,8,12,12.0,270,10.0,10.0,10.0,20,250.0,93,9.34,163
 Dakar,1,Deuxième Session,,9.12,NON ADMIS,1,2018,F,S1,LYCEE ABDOULAYE SADJI,Académie de Rufisque,RUFISQUE,LYCEE MODERNE DE RUFISQUE,1,Pass,1,2007,15.03,12.64,11.17,11.45,9,9,14,9,12,9.0,270,10.0,10.0,9.0,20,235.0,135,9.12,174
 Diourbel,1,Deuxième Session,,6.89,NON ADMIS,1,2018,M,S2,LYCEE WAOUNDE NDIAYE,Académie de Tambacounda,BAKEL,LYCEE WAOUNDE NDIAYE,1,Pass,1,2011,12.66,10.95,9.6,10.8,12,15,10,11,12,3.0,260,10.0,10.0,9.88,20,198.0,203,6.89,244
 Kaolack,1,Première Session,Passable,11.14,PASSE,1,2018,M,S1,LYCEE SERGENT MALAMINE CAMARA,Académie de Dakar,PARCELLES ASSAINIES,LYCEE SERGENT MALAMINE CAMARA,1,Pass,1,1998,14.84,13.07,10.43,11.09,10,10,10,10,12,6.0,272,10.07,10.07,10.0,20,250.0,93,111.14,58
 Dakar,1,Première Session,Passable,11.09,PASSE,1,2018,M,S1,LYCEE EL HADJI IBRAHIMA DIOP DE YEUMBEUL,Académie de Pikine - Guédiawaye,PIKINE,LYCEE DE THIAROYE,1,Pass,1,1997,15.49,12.53,11.83,12.03,8,11,13,8,13,7.0,270,10.0,10.0,9.5,21,238.0,124,111.09,59
 Fatick,1,Deuxième Session,,8.66,NON ADMIS,1,2018,F,S1,LYCEE DE NIAKHAR,Académie de Fatick,NIAKHAR,LYCEE DE NIAKHAR,1,Pass,2,2010,14.24,12.82,9.7,11.75,5,7,12,7,11,12.0,223,8.26,10.04,8.0,18,197.0,205,8.66,190
 Thiès,1,Deuxième Session,Passable,10.15,PASSE,1,2018,F,S2,LYCEE DE TAIBA  NDIAYE,Académie de Thiès,TAIBA NDIAYE,LYCEE DE TAIBA  NDIAYE,2,Pass,2,2009,11.06,10.65,11.02,11.89,7,10,5,5,5,8.0,209,8.04,10.0,10.18,19,126.35,326,10.15,142
 Dakar,1,Première Session,Bien,14.7,PASSE,1,2018,M,S1,LYCEE SEYDINA LIMAMOULAYE,Académie de Pikine - Guédiawaye,GUEDIAWAYE,LYCEE SEYDINA LIMAMOULAYE,1,Pass,1,1998,13.22,12.75,12.02,8.93,15,11,11,6,9,5.0,299,11.07,11.07,13.0,20,301.0,21,114.7,6
 Louga,1,Deuxième Session,,2.76,NON ADMIS,1,2018,F,S2,NOUVEAU LYCEE DE DAHRA ,Académie de Louga,DAHRA,LYCEE DE DAHRA,1,Pass,2,1997,13.19,12.02,8.54,8.59,8,7,8,14,6,7.0,208,8.0,10.81,10.53,21,114.0,337,2.76,336
 Dakar,1,Deuxième Session,,9.54,AUTORISE,1,2018,M,S2,LYCEE SAMBA DIONE DE GANDIAYE,Académie de Kaolack,GANDIAYE,LYCEE SAMBA DIONE DE GANDIAYE,1,Pass,2,2015,14.9,12.29,12.68,11.37,12,9,9,7,8,6.0,227,8.73,10.23,10.94,18,172.0,244,9.54,154
 Kaolack,1,Première Session,Bien,14.1,PASSE,1,2018,M,S1,LYCEE VALDIODIO NDIAYE,Académie de Kaolack,KAOLACK,COLLEGE PIE XII,1,ABien,1,1997,15.58,12.93,13.22,12.98,14,12,12,8,11,8.0,324,12.0,12.0,13.0,21,318.0,12,114.1,9
 Matam,1,Deuxième Session,,9.3,AUTORISE,1,2018,M,S2,LYCEE DE ODOBERE,Académie de Matam,ODOBERE,LYCEE DE ODOBERE,2,Pass,1,1998,12.02,11.76,11.07,10.5,14,11,12,13,4,6.0,262,10.08,10.08,10.12,21,182.39999999999998,228,9.3,164
 Diourbel,1,Deuxième Session,,4.89,NON ADMIS,1,2018,F,S2,LYCEE BANQUE ISLAMIQUE,Académie de Pikine - Guédiawaye,GUEDIAWAYE,CEM OGO DIOP,1,Pass,2,1999,12.69,11.48,11.67,10.36,6,9,9,6,10,10.0,235,9.04,10.08,9.53,19,118.0,334,4.89,295
 Fatick,1,Deuxième Session,,6.63,NON ADMIS,1,2018,M,S2,COURS PRIVES MARIE CURIE,Académie de Ziguinchor,ZIGUINCHOR,LYCEE DJIGNABO,2,Pass,2,2010,12.3,11.0,11.41,12.62,12,9,9,3,9,7.0,226,8.69,11.69,12.71,19,163.4,260,6.63,249
 Louga,1,Deuxième Session,,5.58,NON ADMIS,1,2018,M,S2,NOUVEAU LYCEE DE DAHRA ,Académie de Louga,DAHRA,LYCEE DE DAHRA,1,Pass,1,2007,15.82,15.54,13.5,10.89,13,11,13,9,13,3.0,260,10.0,10.0,8.76,19,193.0,213,5.58,268
 Kaolack,1,Deuxième Session,,4.9,NON ADMIS,1,2018,M,S2,ECOLE PRIVEE GANDAL EXCELLENCE,Académie de Kolda,KOLDA,LYCEE ALPHA MOLO BALDE,4,Pass,2,1993,11.05,11.27,11.38,9.33,15,9,12,12,8,2.0,235,9.04,11.88,12.18,25,160.65,265,4.9,293
 Thiès,1,Deuxième Session,,7.82,AUTORISE,1,2018,M,S2,LYCEE DE FISSEL,Académie de Thiès,FISSEL,LYCEE DE FISSEL,1,Pass,1,2010,12.69,10.98,10.85,11.24,13,9,10,9,5,11.0,260,10.0,10.0,10.88,20,171.0,248,7.82,216
 Kaolack,1,Première Session,Passable,10.16,PASSE,1,2018,M,S2,LYCEE DE NDOFFANE,Académie de Kaolack,NDOFFANE,LYCEE DE NDOFFANE,1,Pass,1,2011,15.11,11.75,12.09,12.44,13,13,9,13,11,6.0,271,10.42,10.42,10.53,19,205.0,196,110.16,91
 Thiès,1,Première Session,Assez-Bien,12.0,PASSE,1,2017,F,S1,LYCEE CHEIKH AMADOU LAMINE DABO,Académie de Thiès,MBOUR,COMPLEXE SCOLAIRE INTERN-KEUR MADIOR,1,Pass,1,2004,14.02,12.76,14.29,13.93,9,10,8,11,14,11.0,274,10.15,10.15,9.5,20,241.0,113,112.0,32
 Thiès,1,Première Session,Passable,11.68,PASSE,1,2018,M,S1,LYCEE DEMBA DIOP,Académie de Thiès,MBOUR,COMPLEXE SCOLAIRE INTERN-KEUR MADIOR,1,Pass,1,2018,15.82,13.96,12.52,12.38,8,12,16,11,10,6.0,292,10.81,10.81,10.0,20,244.0,107,111.68,42
 Dakar,1,Deuxième Session,,8.0,NON ADMIS,1,2018,M,S2,LYCEE DE MBAO,Académie de Pikine - Guédiawaye,MBAO,LYCEE DE MBAO,2,Pass,2,1997,10.94,9.65,11.68,9.66,8,9,8,10,6,6.0,208,8.0,10.15,9.71,21,119.69999999999999,331,8.0,212
 Saint-Louis,1,Deuxième Session,,4.47,NON ADMIS,1,2018,M,S2,LYCEE MODERNE DE RUFISQUE,Académie de Rufisque,RUFISQUE,LYCEE MODERNE DE RUFISQUE,1,Pass,2,2004,10.96,10.12,10.47,11.68,9,10,10,6,12,7.0,234,9.0,11.46,11.82,20,141.0,302,4.47,306
 Dakar,1,Deuxième Session,,5.21,NON ADMIS,1,2018,M,S2,LYCEE ABDOULAYE SADJI,Académie de Rufisque,RUFISQUE,LYCEE MODERNE DE RUFISQUE,2,Pass,2,1996,11.21,9.5,8.32,9.31,12,11,5,7,5,7.0,222,8.54,10.15,11.29,22,165.29999999999998,257,5.21,285
 Dakar,1,Deuxième Session,,8.39,AUTORISE,1,2018,M,S2,LYCEE CAMP MARCHAND DE RUFISQUE,Académie de Rufisque,RUFISQUE,CEM MOMAR SENE WALY,2,Pass,1,1995,12.52,10.47,12.75,11.97,17,11,7,9,7,5.0,260,10.0,10.0,10.65,23,208.04999999999998,188,8.39,199
 Thiès,1,Deuxième Session,,3.34,NON ADMIS,1,2018,M,S2,LYCEE AHMADOU NDACK SECK THIES,Académie de Thiès,THIES,ECOLE ELEMENTAIRE GERMAINE LE GOFF DE THIES,1,Pass,2,1998,11.18,9.1,0.0,0.0,13,8,9,11,5,4.0,208,8.0,11.54,12.65,20,165.0,258,3.34,327
 Saint-Louis,1,Deuxième Session,,6.37,NON ADMIS,1,2018,F,S2,MIKADO ,Académie de Dakar,DAKAR,INSTITUTION NOTRE DAME,1,Pass,1,1999,13.68,10.61,10.58,12.82,18,9,11,6,8,6.0,267,10.27,10.27,10.59,19,226.0,154,6.37,259
 Thiès,1,Deuxième Session,,8.07,NON ADMIS,1,2018,M,S2,LYCEE LEOPOLD SEDAR SENGHOR,Académie de Thiès,JOAL,LYCEE LEOPOLD SEDAR SENGHOR,1,Pass,1,1999,14.04,11.73,10.98,11.15,13,9,10,8,9,9.0,260,10.0,10.0,10.18,19,181.0,230,8.07,209
 Saint-Louis,1,Deuxième Session,,3.18,NON ADMIS,1,2018,M,S2,ECOLE PRIVEE MALOUGAI MAGOI DIATTA ,Académie de Pikine - Guédiawaye,KEUR MASSAR,LYCEE ZONE DE RECASEMENT DE KEUR MASSAR ,3,Pass,2,2007,10.33,10.47,12.54,12.35,8,9,12,11,7,3.0,208,8.0,10.77,10.82,22,113.4,338,3.18,330
 Kaolack,1,Deuxième Session,,4.5,NON ADMIS,1,2018,M,S2,LYCEE SERIGNE MOUSTAPHA BASSIROU DE POROKHANE,Académie de Kaolack,POROKHANE,LYCEE DE POROKHANE,2,Pass,2,2009,9.98,10.93,11.17,11.75,10,9,6,8,9,8.0,230,8.85,10.38,10.59,21,136.79999999999998,311,4.5,305
 Fatick,1,Deuxième Session,,4.36,NON ADMIS,1,2018,M,S2,LYCEE DE MBELLACADIAO,Académie de Fatick,MBELACADIAO,LYCEE DE MBELLACADIAO,1,Pass,2,2010,9.28,13.03,11.02,11.94,4,10,10,8,9,10.0,226,8.69,11.69,12.47,20,96.0,347,4.36,310
 Tambacounda,1,Deuxième Session,,8.67,AUTORISE,1,2017,F,S1,LYCEE WAOUNDE NDIAYE,Académie de Tambacounda,BAKEL,LYCEE WAOUNDE NDIAYE,1,Pass,2,1999,15.19,14.25,12.16,11.24,6,9,10,8,11,4.0,216,8.0,10.33,10.5,19,218.0,169,8.67,189
 Saint-Louis,1,Première Session,Passable,10.87,PASSE,1,2018,F,S1,LYCEE AMETH FALL,Académie de Saint - Louis,SAINT LOUIS,LYCEE TECHNIQUE ANDRE PEYTAVIN,1,Pass,1,1999,15.3,12.65,12.7,12.96,7,12,14,12,12,9.0,288,10.67,10.67,9.5,19,245.0,103,110.87,68
 Dakar,1,Deuxième Session,,7.64,NON ADMIS,1,2018,M,S2,COLLEGE JEAN DE LA FONTAINE,Académie de Dakar,DAKAR,INSTITUTION NOTRE DAME,3,Pass,2,2016,9.99,9.59,10.56,11.44,10,7,10,10,9,11.0,245,9.42,10.35,10.71,24,118.8,333,7.64,223
 Thiès,1,Première Session,Passable,11.35,PASSE,1,2018,M,S1,LYCEE ABABACAR SY,Académie de Thiès,TIVAOUANE,LYCEE ABABACAR SY,1,Pass,1,1999,15.69,13.02,12.08,12.96,9,12,8,13,12,13.0,292,10.81,10.81,10.5,19,263.0,69,111.35,51
 Saint-Louis,1,Deuxième Session,,9.05,NON ADMIS,1,2018,M,S1,LYCEE CHARLES DEGAULLE,Académie de Saint - Louis,SAINT LOUIS,LYCEE TECHNIQUE ANDRE PEYTAVIN,1,Pass,2,2003,13.77,12.28,11.72,12.55,8,7,8,12,12,6.0,235,8.7,10.56,9.5,19,224.0,160,9.05,176
 Diourbel,1,Première Session,Passable,11.68,PASSE,1,2018,M,S1,LYCEE BANQUE ISLAMIQUE,Académie de Pikine - Guédiawaye,GUEDIAWAYE,LYCEE SEYDINA LIMAMOULAYE,1,Pass,1,2011,13.65,12.87,10.54,11.75,10,12,10,8,10,9.0,284,10.52,10.52,11.0,18,272.0,48,111.68,42
,1,Première Session,Bien,14.48,PASSE,1,2018,M,S1,LYCEE EL HADJI IBRAHIMA DIOP DE YEUMBEUL,Académie de Pikine - Guédiawaye,PIKINE,LYCEE DE THIAROYE,1,Pass,1,2004,13.94,12.37,11.98,12.33,10,12,9,7,12,9.0,278,10.3,10.3,11.0,22,262.0,72,114.48,7
 Kaolack,1,Deuxième Session,,8.82,AUTORISE,1,2018,M,S2,LYCEE MIXTE NGANE SAER ,Académie de Kaolack,NGANE SAER,LYCEE MIXTE NGANE SAER ,3,Pass,2,1994,11.54,9.77,10.48,10.83,11,8,3,6,10,8.0,212,8.15,11.04,11.71,24,132.3,322,8.82,185
 Kolda,1,Deuxième Session,,7.69,NON ADMIS,1,2018,M,S2,LYCEE ALPHA MOLO BALDE,Académie de Kolda,KOLDA,LYCEE ALPHA MOLO BALDE,2,ABien,1,1997,10.52,9.99,11.21,10.81,16,14,12,10,11,9.0,320,12.31,12.31,12.82,21,235.6,133,7.69,222
 Dakar,1,Deuxième Session,Passable,11.17,PASSE,1,2018,F,S1,LYCEE JOHN F KENNEDY,Académie de Dakar,DAKAR,LYCEE TECHNIQUE INDUSTRIEL DELAFOSSE,1,Pass,1,2000,14.99,13.88,12.97,10.37,9,10,11,9,11,10.0,273,10.11,10.11,9.5,18,251.0,90,11.17,113
 Dakar,1,Première Session,Passable,10.0,PASSE,1,2018,M,S2,LYCEE DE THIAROYE,Académie de Pikine - Guédiawaye,PIKINE,CEM THIAROYE 44,1,Pass,1,1998,12.4,12.84,13.77,13.42,17,10,11,11,8,5.0,274,10.54,10.54,10.29,20,213.0,182,110.0,96
Sédhiou,1,Deuxième Session,Passable,11.17,PASSE,1,2017,M,S3,LYCEE TECHNIQUE AMADOU BAMBA,Académie de Diourbel,DIOURBEL,LYCEE TECHNIQUE AMADOU BAMBA,1,Pass,2,2010,12.7,11.17,9.28,8.72,5,5,13,8,9,,288,8.0,10.67,10.0,19,185.0,225,11.17,113
 Dakar,1,Première Session,Assez-Bien,13.43,PASSE,1,2018,M,S1,LYCEE DE MBAO,Académie de Pikine - Guédiawaye,MBAO,LYCEE DE MBAO,2,ABien,1,1996,14.89,14.7,13.16,13.13,13,13,10,11,9,8.0,324,12.0,12.0,13.0,22,299.25,24,113.43,13
 Ziguinchor,1,Deuxième Session,,6.93,NON ADMIS,1,2018,M,S2,LYCEE DE DJIBIDIONE,Académie de Ziguinchor,DJIBIDIONE,LYCEE DE DJIBIDIONE,2,Pass,2,1995,9.81,11.09,13.89,13.87,12,9,10,8,13,6.0,239,9.19,12.65,13.41,23,153.9,281,6.93,241
 Dakar,1,Première Session,Passable,11.18,PASSE,1,2018,M,S1,LYCEE CAMP MARCHAND DE RUFISQUE,Académie de Rufisque,RUFISQUE,LYCEE MODERNE DE RUFISQUE,1,Pass,1,1997,14.85,14.56,15.1,14.79,10,9,12,11,12,10.0,280,10.37,10.37,9.5,21,244.0,107,111.18,55
 Dakar,1,Deuxième Session,,6.83,NON ADMIS,1,2018,M,S2,LYCEE ABDOULAYE SADJI,Académie de Rufisque,RUFISQUE,LYCEE MODERNE DE RUFISQUE,2,Pass,2,2004,11.5,11.16,12.05,9.82,10,9,8,7,4,6.0,209,8.04,11.5,13.18,22,136.79999999999998,311,6.83,247
 Dakar,1,Deuxième Session,Passable,11.22,PASSE,1,2018,F,S2,LYCEE DE THIAROYE,Académie de Pikine - Guédiawaye,PIKINE,CEM THIAROYE 44,1,Pass,2,1998,12.3,10.71,11.14,11.76,11,7,9,8,10,4.0,208,8.0,11.0,11.71,20,141.0,302,11.22,112
 Dakar,1,Deuxième Session,,6.88,NON ADMIS,1,2018,F,S1,LYCEE DIOGOYE BASILE SENGHOR FIMELA,Académie de Fatick,FIMELA,LYCEE DIOGOYE BASILE SENGHOR FIMELA,1,Pass,2,1999,12.54,12.49,10.59,10.17,9,7,12,6,11,10.0,245,9.07,11.15,11.5,19,233.0,141,6.88,246
 Kolda,1,Deuxième Session,,3.62,NON ADMIS,1,2018,M,S2,LYCEE DE PATA,Académie de Kolda,PATA,LYCEE DE PATA,5,Pass,1,1992,13.35,10.73,12.5,12.28,13,13,8,10,9,5.0,261,10.04,10.04,10.18,26,165.75,256,3.62,324
 Dakar,1,Deuxième Session,,7.45,NON ADMIS,1,2018,M,S2,LYCEE DE PIKINE,Académie de Pikine - Guédiawaye,GUEDIAWAYE,CEM JOSEPH CORREA A,1,Pass,2,2006,12.72,11.88,10.73,10.42,11,11,12,6,7,5.0,226,8.69,10.96,12.0,19,175.0,239,7.45,229
 Kaolack,1,Deuxième Session,,6.6,NON ADMIS,1,2018,F,S2,LYCEE MABA DIAKHOU BA,Académie de Kaolack,NIORO,LYCEE MABA DIAKHOU BA,2,Pass,1,2008,13.16,11.65,11.46,11.77,18,9,8,7,9,8.0,260,10.0,10.0,11.29,20,205.2,194,6.6,252
 Dakar,1,Deuxième Session,Passable,10.8,PASSE,1,2018,M,S1,LYCEE LAMINE GUEYE,Académie de Dakar,DAKAR,UNIVERSITE AMADOU HAMPATE BA,2,Pass,2,2003,12.75,10.58,12.34,10.45,8,11,9,11,13,8.0,263,9.74,11.52,12.5,19,235.6,133,10.8,122
 Thiès,1,Deuxième Session,,7.5,NON ADMIS,1,2018,M,S1,COLLEGE SAINT GABRIEL,Académie de Thiès,THIES,LYCEE D' ENSEIGNEMENT TECHNIQUE ET DE FORMATION PR,1,Pass,1,1998,15.26,14.15,11.47,11.93,9,7,16,12,16,5.0,270,10.0,10.0,8.0,20,223.0,161,7.5,228
 Dakar,1,Deuxième Session,,9.38,AUTORISE,1,2018,M,S2,LYCEE DE THIAROYE,Académie de Pikine - Guédiawaye,PIKINE,LYCEE DE THIAROYE,1,Pass,1,1998,12.65,12.12,11.72,12.34,12,13,9,8,12,6.0,261,10.04,10.04,10.24,20,186.0,221,9.38,161
 Kaolack,1,Deuxième Session,,8.85,AUTORISE,1,2018,M,S2,LYCEE MABA DIAKHOU BA,Académie de Kaolack,NIORO,LYCEE MABA DIAKHOU BA,1,Pass,1,2008,13.58,10.94,8.22,10.72,16,11,9,7,5,8.0,260,10.0,10.0,11.41,18,220.0,165,8.85,182
 Louga,1,Deuxième Session,,5.49,NON ADMIS,1,2018,M,S2,ECOLE PRIVEE LES GENIES DU GUETH,Académie de Louga,KEBEMER,LYCEE MACODOU KANGUE SALL,2,Pass,1,1996,9.38,11.66,12.26,7.95,13,13,6,11,7,8.0,260,10.0,10.0,11.24,22,185.25,224,5.49,274
 Fatick,1,Deuxième Session,,6.58,NON ADMIS,1,2018,F,S2,LYCEE DE DIOFIOR,Académie de Fatick,DIOFIOR,LYCEE DE DIOFIOR,1,Pass,2,1999,10.96,11.05,8.76,9.86,15,8,8,6,3,4.0,208,8.0,10.0,11.12,19,193.0,213,6.58,254
 Dakar,1,Première Session,Passable,10.0,PASSE,1,2018,M,S1,LYCEE MODERNE DE RUFISQUE,Académie de Rufisque,RUFISQUE,LYCEE MODERNE DE RUFISQUE,1,Pass,2,1997,14.06,11.76,11.84,11.58,5,7,14,8,13,7.0,216,8.0,12.44,13.5,21,187.0,216,110.0,96
 Dakar,1,Deuxième Session,,3.17,NON ADMIS,1,2018,F,S2,ECOLE PRIVEE LEOPOLD SEDAR SENGHOR,Académie de Rufisque,RUFISQUE,LYCEE MODERNE DE RUFISQUE,3,Pass,2,2003,7.41,9.13,7.82,7.32,12,11,11,6,5,5.0,236,9.08,10.85,11.65,23,156.6,276,3.17,331
 Kaolack,1,Première Session,Passable,10.0,PASSE,1,2018,M,S2,LYCEE MABA DIAKHOU BA,Académie de Kaolack,NIORO,LYCEE MABA DIAKHOU BA,1,Pass,1,2011,15.77,12.48,10.67,11.31,15,12,7,8,9,10.0,280,10.77,10.77,12.18,20,207.0,190,110.0,96
 Thiès,1,Deuxième Session,Passable,10.57,PASSE,1,2018,M,S2,LYCEE DE MEDINA FALL,Académie de Thiès,THIES,COLLEGE SAINT GABRIEL,2,Pass,2,1995,11.61,11.6,11.78,10.97,14,13,6,8,6,2.0,226,8.69,10.69,12.47,23,193.79999999999998,211,10.57,130
 Thiès,1,Deuxième Session,Passable,11.49,PASSE,1,2018,M,S2,LYCEE DE NGOUNDIANE,Académie de Thiès,NGOUNDIANE,LYCEE DE NGOUNDIANE,1,ABien,1,2017,13.99,10.61,11.72,13.12,17,14,9,14,4,9.0,312,12.0,12.0,13.12,19,267.0,59,11.49,108
 Thiès,1,Deuxième Session,,5.94,NON ADMIS,1,2018,M,S2,LYCEE DE SANDIARA,Académie de Thiès,SANDIARA,LYCEE DE SANDIARA,2,Pass,2,2006,9.92,11.59,12.46,11.57,10,10,8,6,8,9.0,233,8.96,10.27,11.06,23,142.5,300,5.94,266
 Louga,1,Première Session,Assez-Bien,13.6,PASSE,1,2018,M,S1,LYCEE DES PARCELLES ASSAINIES U13,Académie de Dakar,PARCELLES ASSAINIES,LYCEE SERGENT MALAMINE CAMARA,1,ABien,1,2010,14.09,13.26,13.84,12.85,13,12,12,10,13,11.0,334,12.37,12.37,12.5,19,319.0,11,113.6,12
 Louga,1,Deuxième Session,,7.6,NON ADMIS,1,2018,M,S2,LYCEE MACODOU KANGUE SALL,Académie de Louga,KEBEMER,LYCEE MACODOU KANGUE SALL,1,Pass,2,1998,11.88,11.04,8.06,9.27,12,11,7,4,8,4.0,213,8.19,13.38,15.88,20,174.0,241,7.6,224
 Kaolack,1,Première Session,Assez-Bien,12.75,PASSE,1,2018,M,S1,LYCEE SERIGNE KHASSIM MBACKE GUINGUINEO,Académie de Kaolack,GUINGUINEO,LYCEE SERIGNE KHASSIM MBACKE GUINGUINEO,1,Pass,1,1999,16.01,11.83,12.73,13.13,10,11,7,10,12,13.0,285,10.56,10.56,10.5,19,266.0,62,112.75,27
Kaffrine,1,Première Session,Passable,10.15,PASSE,1,2018,M,S1,LYCEE BABACAR COBAR NDAW,Académie de Kaffrine,KAFFRINE,LYCEE BABACAR COBAR NDAW,1,ABien,1,2010,14.8,13.86,12.85,13.54,14,12,13,7,13,10.0,324,12.0,12.0,13.0,19,328.0,8,110.15,92
 Thiès,1,Deuxième Session,,8.56,NON ADMIS,1,2018,M,S2,LYCEE JULES SAGNA,Académie de Thiès,THIES,COLLEGE SAINT GABRIEL,1,Pass,2,2000,10.52,11.78,10.52,10.97,9,7,8,9,7,10.0,225,8.65,10.35,10.41,18,133.0,320,8.56,192
 Kaolack,1,Première Session,Passable,10.92,PASSE,1,2018,M,S2,LYCEE DE LATMINGUE,Académie de Kaolack,KOUTAL,LYCEE DE KOUTAL,1,ABien,1,2006,11.74,13.44,12.28,13.84,14,16,8,11,13,13.0,333,12.81,12.81,14.35,19,252.0,88,110.92,65
 Dakar,1,Deuxième Session,,2.5,NON ADMIS,1,2018,F,S2,LYCEE SEYDINA LIMAMOULAYE,Académie de Pikine - Guédiawaye,GUEDIAWAYE,LYCEE SEYDINA LIMAMOULAYE,1,Pass,2,1998,10.44,9.7,8.17,8.57,12,9,13,12,8,4.0,240,9.23,10.92,10.59,20,162.0,261,2.5,341
 Kaolack,1,Deuxième Session,Passable,11.82,PASSE,1,2018,M,S2,LYCEE DE LATMINGUE,Académie de Kaolack,KOUTAL,LYCEE DE KOUTAL,1,ABien,1,2010,11.53,12.67,11.54,12.56,14,15,9,8,13,11.0,312,12.0,12.0,13.29,18,246.0,102,11.82,105
 Dakar,1,Deuxième Session,,4.83,NON ADMIS,1,2018,M,S2,LYCEE DE THIAROYE,Académie de Pikine - Guédiawaye,PIKINE,CEM THIAROYE 44,1,Pass,2,1996,11.62,8.29,10.74,10.27,17,5,6,10,9,5.0,223,8.58,10.65,11.0,22,183.0,227,4.83,297
 Kaolack,1,Première Session,Assez-Bien,12.76,PASSE,1,2018,M,S1,LYCEE DE PIKINE,Académie de Pikine - Guédiawaye,GUEDIAWAYE,LYCEE SEYDINA LIMAMOULAYE,1,Pass,1,1999,15.29,12.29,12.04,12.3,12,10,10,3,11,5.0,271,10.04,10.04,11.0,19,278.0,41,112.76,26
 Thiès,1,Deuxième Session,Passable,10.37,PASSE,1,2018,M,S1,LYCEE AHMADOU NDACK SECK THIES,Académie de Thiès,THIES,CEM MAMADOU DIAW THIES,1,Pass,2,2006,12.61,12.5,12.52,11.41,6,10,10,12,11,6.0,234,8.67,12.59,14.0,21,214.0,178,10.37,136
 Ziguinchor,1,Deuxième Session,Passable,10.96,PASSE,1,2018,M,S2,LYCEE DE KAFOUNTINE,Académie de Ziguinchor,KAFOUNTINE,LYCEE DE KAFOUNTINE,2,ABien,1,2010,12.86,12.0,12.84,12.72,14,15,14,11,9,7.0,312,12.0,12.0,11.88,20,224.2,159,10.96,117
 Tambacounda,1,Deuxième Session,,9.42,AUTORISE,1,2018,F,S1,LYCEE MAME CHEIKH MBAYE,Académie de Tambacounda,TAMBACOUNDA,LYCEE MAME CHEIKH MBAYE,1,Pass,1,2000,17.07,12.68,12.71,13.16,8,11,8,16,12,8.0,281,10.41,10.41,9.5,18,248.0,97,9.42,158
 Dakar,1,Première Session,Passable,10.7,PASSE,1,2018,M,S1,ECOLE PRIVEE DAVID DIOP MENDES,Académie de Pikine - Guédiawaye,MBAO,LYCEE DE MBAO,1,ABien,1,2015,15.43,15.21,13.89,14.13,14,13,11,10,11,6.0,331,12.26,12.26,13.5,19,334.0,6,110.7,77
 Louga,1,Deuxième Session,,4.96,NON ADMIS,1,2018,M,S2,LYCEE MACODOU KANGUE SALL,Académie de Louga,KEBEMER,LYCEE MACODOU KANGUE SALL,1,Pass,2,1998,11.81,11.36,10.61,11.03,15,12,8,5,4,5.0,233,8.96,12.19,15.0,20,207.0,190,4.96,289
 Fatick,1,Première Session,Passable,11.45,PASSE,1,2018,F,S1,LYCEE DE NIAKHAR,Académie de Fatick,NIAKHAR,LYCEE DE NIAKHAR,1,Pass,1,1998,14.03,13.93,12.83,12.91,10,7,12,11,12,13.0,279,10.33,10.33,8.5,20,232.0,143,111.45,48
 Thiès,1,Deuxième Session,,3.82,NON ADMIS,1,2018,F,S2,LYCEE DAROU KHOUDOSS ,Académie de Thiès,DAROU KHOUDOSS,LYCEE DAROU KHOUDOSS ,1,Pass,2,2003,12.47,10.55,10.48,9.81,8,9,6,13,7,7.0,208,8.0,10.42,10.47,19,136.0,315,3.82,318
 Diourbel,1,Deuxième Session,,9.86,AUTORISE,1,2018,M,S1,LYCEE SEYDINA LIMAMOULAYE,Académie de Pikine - Guédiawaye,GUEDIAWAYE,LYCEE SEYDINA LIMAMOULAYE,1,Pass,1,1997,13.35,12.32,12.36,13.35,13,10,10,9,9,7.0,283,10.48,10.48,11.5,21,277.0,44,9.86,151
 Thiès,1,Deuxième Session,,8.56,NON ADMIS,1,2018,M,S2,GROUPE SCOLAIRE MAMADOU DIAGNE DE POUT,Académie de Thiès,POUT,LYCEE DE POUT,3,Pass,1,2002,11.41,11.97,12.44,13.35,17,14,12,6,5,7.0,294,11.31,11.31,12.41,22,213.3,181,8.56,192
 Thiès,1,Première Session,Passable,10.47,PASSE,1,2018,M,S1,LYCEE DE THIADIAYE,Académie de Thiès,THIADIAYE,CEM I DE THIADIAYE,1,Pass,2,2007,16.87,13.68,10.7,11.46,10,8,10,9,7,9.0,237,8.78,12.26,14.0,19,248.0,97,110.47,82
 Ziguinchor,1,Première Session,Passable,10.08,PASSE,1,2018,M,S1,LYCEE DJIGNABO,Académie de Ziguinchor,ZIGUINCHOR,COLLEGE SAINT CHARLES LWANGA,1,ABien,1,2005,13.5,11.41,10.99,11.97,10,15,13,12,10,9.0,333,12.33,12.33,12.5,18,310.0,15,110.08,94
 Tambacounda,1,Première Session,Passable,10.83,PASSE,1,2018,M,S2,LYCEE MAME CHEIKH MBAYE,Académie de Tambacounda,TAMBACOUNDA,LYCEE MAME CHEIKH MBAYE,1,ABien,1,2015,15.5,12.55,12.85,13.37,19,13,9,8,8,8.0,312,12.0,12.0,13.0,19,279.0,40,110.83,71
 Kaolack,1,Deuxième Session,,3.83,NON ADMIS,1,2018,M,S2,LYCEE ZONE DE RECASEMENT DE KEUR MASSAR ,Académie de Pikine - Guédiawaye,KEUR MASSAR,LYCEE ZONE DE RECASEMENT DE KEUR MASSAR ,3,Pass,1,2007,10.57,11.34,11.45,11.35,13,10,9,8,8,10.0,260,10.0,10.0,10.88,22,159.3,270,3.83,317
 Fatick,1,Deuxième Session,,9.03,AUTORISE,1,2018,F,S2,LYCEE DE PASSY,Académie de Fatick,PASSY,LYCEE DE PASSY,1,Pass,1,2008,12.58,12.06,7.56,10.53,16,15,6,7,6,6.0,266,10.23,10.23,12.12,19,244.0,107,9.03,177
 Thiès,1,Deuxième Session,Passable,11.15,PASSE,1,2018,M,S2,LYCEE DE NGOUNDIANE,Académie de Thiès,NGOUNDIANE,LYCEE DE NGOUNDIANE,1,Pass,2,2006,10.03,12.89,9.8,10.95,8,11,5,3,11,4.0,208,8.0,10.92,11.59,21,138.0,308,11.15,115
 Saint-Louis,1,Deuxième Session,,7.37,NON ADMIS,1,2018,M,S2,LYCEE DE TASSINERE,Académie de Saint - Louis,TASSINERE,LYCEE DE TASSINERE,1,Pass,2,2005,9.74,10.94,8.8,10.17,12,10,7,6,8,6.0,217,8.35,10.65,12.0,21,168.0,250,7.37,233
 Fatick,1,Deuxième Session,,4.62,NON ADMIS,1,2018,F,S2,ECOLE PRIVEE LE NDJAFADJI ,Académie de Fatick,NIAKHAR,LYCEE DE NIAKHAR,4,Pass,2,1993,11.72,10.22,10.56,10.74,11,9,7,6,10,7.0,224,8.62,10.81,11.71,25,130.04999999999998,323,4.62,302
 Kaolack,1,Première Session,Bien,14.71,PASSE,1,2018,F,S1,LYCEE ABABACAR SY,Académie de Thiès,TIVAOUANE,LYCEE ABABACAR SY,1,Pass,1,2000,14.16,12.64,12.84,13.31,10,13,7,12,11,7.0,295,10.93,10.93,11.5,18,278.0,41,114.71000000000001,5
 Dakar,1,Deuxième Session,Passable,11.35,PASSE,1,2018,M,S1,LYCEE SEYDINA ISSA ROHOU LAHI,Académie de Pikine - Guédiawaye,GUEDIAWAYE,LYCEE SEYDINA LIMAMOULAYE,1,Pass,2,1999,13.75,11.81,8.55,9.6,8,6,11,6,12,3.0,216,8.0,10.3,10.5,19,218.0,169,11.35,110
 Dakar,1,Deuxième Session,,7.24,NON ADMIS,1,2017,F,S1,LYCEE THIERNO SAIDOU NOUROU TALL,Académie de Dakar,DAKAR,UNIVERSITE AMADOU HAMPATE BA,1,Pass,1,1999,12.38,10.83,12.85,10.88,8,12,13,8,7,11.0,275,10.19,10.19,10.0,19,254.0,85,7.24,234
 Dakar,1,Deuxième Session,,9.53,AUTORISE,1,2018,M,S1,ECOLE CATHOLIQUE COLLEGE SAINT PIERRE,Académie de Dakar,DAKAR,UNIVERSITE AMADOU HAMPATE BA,1,Pass,1,1999,15.74,14.16,12.42,13.34,11,12,8,7,13,8.0,292,10.81,10.81,11.5,19,281.0,38,9.53,155
 Kolda,1,Deuxième Session,Passable,10.89,PASSE,1,2018,M,S1,LYCEE MACIRE BA DE KEDOUGOU,Académie de Kédougou,KEDOUGOU,LYCEE TECHNIQUE INDUSTRIEL DE KEDOUGOU,1,Pass,2,1998,15.71,12.59,13.52,11.45,8,8,12,8,11,8.0,236,8.74,11.7,12.0,20,220.0,165,10.89,121
 Dakar,1,Deuxième Session,,4.97,NON ADMIS,1,2018,M,S2,LYCEE EL HADJI IBRAHIMA DIOP DE YEUMBEUL,Académie de Pikine - Guédiawaye,PIKINE,LYCEE DE THIAROYE,1,Pass,2,1998,10.5,13.16,11.2,10.92,14,10,6,7,5,6.0,226,8.69,12.38,14.71,20,186.0,221,4.97,288
 Saint-Louis,1,Deuxième Session,,8.07,NON ADMIS,1,2018,M,S2,LYCEE CHARLES DEGAULLE,Académie de Saint - Louis,SAINT LOUIS,LYCEE TECHNIQUE ANDRE PEYTAVIN,1,Pass,2,2000,12.34,13.49,12.26,12.05,10,10,11,7,7,7.0,232,8.92,11.27,11.76,18,160.0,266,8.07,209
 Dakar,1,Première Session,Passable,11.61,PASSE,1,2018,M,S1,LYCEE DE SEBIKOTANE,Académie de Rufisque,SEBIKOTANE,LYCEE DE SEBIKOTANE,1,Pass,2,1995,13.43,12.89,11.06,11.13,11,8,8,5,6,6.0,230,8.52,10.59,13.0,23,247.0,99,111.61,45
 Dakar,1,Deuxième Session,Passable,10.64,PASSE,1,2018,M,S1,LYCEE DE THIAROYE,Académie de Pikine - Guédiawaye,PIKINE,LYCEE DE THIAROYE,1,Pass,1,1999,13.98,11.81,12.24,11.89,9,11,10,11,9,10.0,278,10.3,10.3,10.0,19,257.0,79,10.64,127
 Dakar,1,Deuxième Session,,6.09,NON ADMIS,1,2018,F,S2,LYCEE DE SEBIKOTANE,Académie de Rufisque,SEBIKOTANE,LYCEE DE SEBIKOTANE,2,Pass,2,1998,12.29,9.6,9.85,10.1,10,9,12,6,8,4.0,208,8.0,10.54,11.41,20,136.79999999999998,311,6.09,264
 Dakar,1,Deuxième Session,,4.25,NON ADMIS,1,2018,M,S2,"ECOLE PRIVEE LAIQUE ""PAPE BENOIT XVI SAGEF 2""",Académie de Pikine - Guédiawaye,MBAO,ECOLE ELEMENTAIRE LGI MBAO,1,Pass,2,1999,12.78,12.11,11.63,11.45,10,8,10,7,10,6.0,224,8.62,10.69,10.71,19,148.0,293,4.25,311
 Kolda,1,Première Session,Passable,11.33,PASSE,1,2018,M,S1,LYCEE ALPHA MOLO BALDE,Académie de Kolda,KOLDA,LYCEE ALPHA MOLO BALDE,1,Pass,1,1998,15.75,14.53,12.03,11.66,9,10,7,12,16,12.0,284,10.52,10.52,9.5,20,241.0,113,111.33,52
 Dakar,1,Première Session,Passable,10.51,PASSE,1,2017,M,S1,LYCEE COUMBA DIACK GUEYE KHOMBOLE,Académie de Thiès,KHOMBOLE,LYCEE COUMBA DIACK GUEYE KHOMBOLE,1,Pass,1,2006,12.59,13.53,10.47,10.72,9,12,10,6,10,9.0,270,10.0,10.0,10.5,21,253.0,87,110.51,81
 Thiès,1,Première Session,Passable,10.81,PASSE,1,2018,M,S1,LYCEE DEMBA DIOP,Académie de Thiès,MBOUR,COMPLEXE SCOLAIRE INTERN-KEUR MADIOR,1,Pass,1,1999,15.71,13.1,12.72,12.19,11,6,15,7,14,6.0,271,10.04,10.04,8.5,19,245.0,103,110.81,72
 Dakar,1,Deuxième Session,Passable,11.33,PASSE,1,2018,M,S2,LYCEE DE THIAROYE,Académie de Pikine - Guédiawaye,PIKINE,LYCEE DE THIAROYE,1,Pass,1,1997,12.99,8.47,12.43,11.93,13,13,6,6,8,8.0,260,10.0,10.0,11.24,21,195.0,207,11.33,111
 Kolda,1,Deuxième Session,,7.54,NON ADMIS,1,2018,M,S1,"LYCEE CATHOLIQUE PRIVE ""SAINT BENOIT""",Académie de Kolda,KOLDA,LYCEE ALPHA MOLO BALDE,1,Pass,1,1998,12.75,12.18,11.93,11.53,12,10,10,11,11,6.0,293,10.85,10.85,11.0,20,268.0,55,7.54,227
 Saint-Louis,1,Deuxième Session,,9.22,AUTORISE,1,2018,M,S2,LYCEE DE RICHARD TOLL,Académie de Saint - Louis,RICHARD TOLL,CEM II DE RICHARD-TOLL,1,Pass,1,1999,13.49,11.26,10.58,10.69,15,13,5,5,9,8.0,261,10.04,10.04,11.82,19,223.0,161,9.22,169
 Dakar,1,Première Session,Passable,10.55,PASSE,1,2018,M,S2,LYCEE DE FISSEL,Académie de Thiès,FISSEL,LYCEE DE FISSEL,1,ABien,1,1999,14.89,13.68,14.41,15.0,19,12,11,8,10,14.0,347,13.35,13.35,14.76,20,263.0,69,110.55,80
 Diourbel,1,Deuxième Session,Passable,10.69,PASSE,1,2018,M,S1,LYCEE MAME THIERNO BIRAHIM MBACKE,Académie de Louga,DAROU MOUSTY,LYCEE MAME THIERNO BIRAHIM MBACKE,1,Pass,1,2006,14.47,14.59,11.45,13.05,10,11,10,12,10,12.0,290,10.74,10.74,10.5,19,266.0,62,10.69,124
 Thiès,1,Deuxième Session,,9.26,AUTORISE,1,2018,M,S2,LYCEE DE SALY,Académie de Thiès,SALY,LYCEE DE SALY,1,Pass,1,2008,9.57,10.77,10.0,9.83,17,14,5,6,3,7.0,262,10.08,10.08,12.41,20,237.0,129,9.26,165
 Louga,1,Première Session,Passable,10.21,PASSE,1,2018,M,S2,LYCEE MACODOU KANGUE SALL,Académie de Louga,KEBEMER,LYCEE MACODOU KANGUE SALL,1,Pass,1,1999,11.82,11.87,11.78,11.3,17,11,11,4,7,6.0,260,10.0,10.0,11.0,19,229.0,148,110.21000000000001,90
Kaffrine,1,Deuxième Session,,7.43,NON ADMIS,1,2018,M,S3,LYCEE TECHNIQUE INDUSTRIEL DELAFOSSE,Académie de Dakar,DAKAR,LYCEE TECHNIQUE INDUSTRIEL DELAFOSSE,1,Pass,1,1998,13.71,12.28,12.33,11.58,10,9,8,12,7,,360,10.0,10.0,9.33,20,244.0,107,7.43,231
 Dakar,1,Deuxième Session,,4.73,NON ADMIS,1,2018,F,S2,GROUPE SCOLAIRE ANGELA DAVIS,Académie de Pikine - Guédiawaye,PIKINE,LYCEE DE THIAROYE,1,Pass,2,2015,10.4,11.0,9.75,11.4,9,10,10,4,8,7.0,225,8.65,10.15,9.65,19,151.0,286,4.73,298
 Thiès,1,Deuxième Session,,3.81,NON ADMIS,1,2018,M,S2,LYCEE CHEIKH MOURATH NDAO,Académie de Thiès,MEKHE,CEM  CHEIKH MOURATH NDAO DE MEKHE,1,Pass,2,1998,12.91,11.36,8.79,9.4,6,7,8,6,6,9.0,208,8.0,10.08,9.88,20,96.0,347,3.81,319
 Dakar,1,Première Session,Passable,11.2,PASSE,1,2018,F,S1,"ECOLE PRIVEE ""ROSE DIENG KUNTZ""",Académie de Pikine - Guédiawaye,GUEDIAWAYE,LYCEE SEYDINA LIMAMOULAYE,1,ABien,1,1999,16.71,13.18,13.74,12.4,10,14,11,13,13,14.0,327,12.11,12.11,12.0,19,304.0,18,111.2,53
 Tambacounda,1,Première Session,Passable,10.9,PASSE,1,2018,M,S2,LYCEE MAME CHEIKH MBAYE,Académie de Tambacounda,TAMBACOUNDA,LYCEE MAME CHEIKH MBAYE,1,Pass,2,2011,13.43,10.66,11.29,10.89,13,8,1,13,4,5.0,212,8.15,11.15,10.88,19,175.0,239,110.9,66
 Dakar,1,Deuxième Session,Passable,10.12,PASSE,1,2018,M,S1,LYCEE DE THIAROYE,Académie de Pikine - Guédiawaye,PIKINE,LYCEE DE THIAROYE,1,Pass,1,1998,12.48,12.18,11.21,13.04,11,12,9,7,8,6.0,286,10.59,10.59,11.5,20,271.0,53,10.12,144
 Louga,1,Deuxième Session,,5.15,NON ADMIS,1,2018,F,S2,LYCEE MACODOU KANGUE SALL,Académie de Louga,KEBEMER,LYCEE MACODOU KANGUE SALL,1,Pass,2,1998,9.92,11.98,8.18,8.97,11,10,8,7,8,5.0,217,8.35,10.19,11.35,20,159.0,271,5.15,286
 Saint-Louis,1,Deuxième Session,,3.51,NON ADMIS,1,2018,M,S2,LYCEE DE TASSINERE,Académie de Saint - Louis,TASSINERE,LYCEE DE TASSINERE,1,Pass,2,2002,10.87,10.18,8.44,9.25,8,9,10,8,9,7.0,219,8.42,10.62,11.18,20,126.0,327,3.51,326
 Fatick,1,Première Session,Passable,10.78,PASSE,1,2018,M,S1,LYCEE DE NIAKHAR,Académie de Fatick,NIAKHAR,LYCEE DE NIAKHAR,1,Pass,2,2000,12.84,13.8,11.13,11.47,6,7,9,7,12,9.0,216,8.0,11.41,11.5,18,206.0,193,110.78,74
 Kaolack,1,Deuxième Session,,7.57,NON ADMIS,1,2018,M,S2,LYCEE DE KEUR MASSAR ,Académie de Pikine - Guédiawaye,KEUR MASSAR,LYCEE ZONE DE RECASEMENT DE KEUR MASSAR ,2,Pass,2,2008,11.06,10.01,10.9,12.21,15,8,5,7,11,4.0,212,8.15,11.62,12.88,22,173.85,243,7.57,225
 Diourbel,1,Première Session,Assez-Bien,13.2,PASSE,1,2018,M,S1,LYCEE LAMINE GUEYE,Académie de Dakar,DAKAR,UNIVERSITE AMADOU HAMPATE BA,1,Pass,2,2010,15.62,13.65,12.45,11.58,9,10,11,8,8,7.0,257,9.52,12.22,13.5,19,251.0,90,113.2,18
 Thiès,1,Première Session,Passable,10.98,PASSE,1,2018,M,S2,LYCEE DE FAHU II,Académie de Thiès,THIES,ECOLE ELEMENTAIRE GERMAINE LE GOFF DE THIES,1,ABien,1,2010,10.87,11.7,11.34,12.33,18,15,7,12,4,10.0,314,12.08,12.08,14.12,19,282.0,36,110.98,63
 Thiès,1,Première Session,Passable,11.86,PASSE,1,2018,F,S1,LYCEE MALICK SY,Académie de Thiès,THIES,LYCEE D' ENSEIGNEMENT TECHNIQUE ET DE FORMATION PR,1,Pass,1,2018,14.72,12.14,12.74,12.04,10,9,12,10,13,10.0,287,10.63,10.63,9.5,20,244.0,107,111.86,35
 Dakar,1,Deuxième Session,,8.34,AUTORISE,1,2018,M,S2,LYCEE SEYDINA LIMAMOULAYE,Académie de Pikine - Guédiawaye,GUEDIAWAYE,LYCEE BANQUE ISLAMIQUE,1,Pass,1,1998,9.95,12.45,10.36,11.88,18,12,5,11,4,6.0,273,10.5,10.5,11.65,20,234.0,139,8.34,201
 Saint-Louis,1,Deuxième Session,,7.17,NON ADMIS,1,2018,F,S2,ECOLE PRIVEE DIDIER MARIE,Académie de Saint - Louis,SAINT LOUIS,LYCEE TECHNIQUE ANDRE PEYTAVIN,1,Bien,1,1999,13.68,14.67,13.32,15.35,18,15,12,12,13,14.0,366,14.08,14.08,15.53,20,282.0,36,7.17,237
 Kaolack,1,Deuxième Session,Passable,10.47,PASSE,1,2018,M,S1,LYCEE SERIGNE KHASSIM MBACKE GUINGUINEO,Académie de Kaolack,GUINGUINEO,LYCEE SERIGNE KHASSIM MBACKE GUINGUINEO,1,Pass,1,1999,14.3,11.83,12.57,11.64,7,13,10,8,10,9.0,273,10.11,10.11,10.0,20,241.0,113,10.47,131
 Dakar,1,Deuxième Session,,9.4,AUTORISE,1,2018,M,S2,LYCEE DE THIAROYE,Académie de Pikine - Guédiawaye,PIKINE,CEM THIAROYE 44,1,Pass,1,1996,12.19,11.58,10.85,11.39,17,10,10,7,4,11.0,281,10.81,10.81,12.41,22,213.0,182,9.4,160
 Kaolack,1,Deuxième Session,Passable,10.31,PASSE,1,2018,F,S2,LYCEE DE NDOFFANE,Académie de Kaolack,NDOFFANE,LYCEE DE NDOFFANE,1,Pass,1,1999,12.82,12.32,10.58,11.0,12,11,11,7,11,7.0,260,10.0,10.0,9.88,19,184.0,226,10.31,138
 Dakar,1,Première Session,Passable,10.79,PASSE,1,2018,F,S1,COURS SECONDAIRE SACRE COEUR,Académie de Dakar,DAKAR,LYCEE TECHNIQUE INDUSTRIEL DELAFOSSE,1,Pass,1,2000,15.58,14.4,13.2,11.6,8,8,13,14,14,6.0,271,10.04,10.04,8.0,18,230.0,147,110.78999999999999,73
 Dakar,1,Deuxième Session,,5.34,NON ADMIS,1,2018,M,S2,LYCEE BABACAR COBAR NDAW,Académie de Kaffrine,KAFFRINE,LYCEE BABACAR COBAR NDAW,3,Pass,1,1997,9.6,10.22,12.07,12.02,12,12,10,10,9,7.0,260,10.0,10.0,10.24,21,162.0,261,5.34,278
 Kaolack,1,Deuxième Session,,8.85,AUTORISE,1,2018,M,S2,LYCEE VALDIODIO NDIAYE,Académie de Kaolack,KAOLACK,COLLEGE PIE XII,2,ABien,1,1996,12.97,11.13,12.05,12.66,15,16,13,10,14,5.0,314,12.08,12.08,11.82,22,238.45,123,8.85,182
 Tambacounda,1,Deuxième Session,,7.89,AUTORISE,1,2018,M,S2,LYCEE MAME CHEIKH MBAYE,Académie de Tambacounda,TAMBACOUNDA,LYCEE MAME CHEIKH MBAYE,2,ABien,1,1997,15.07,12.3,14.03,13.48,18,18,8,13,12,3.0,314,12.08,12.08,12.71,21,275.5,45,7.89,214
 Tambacounda,1,Deuxième Session,Passable,11.83,PASSE,1,2018,M,S2,LYCEE DE KIDIRA,Académie de Tambacounda,KIDIRA,LYCEE DE KIDIRA,1,Pass,1,2011,11.85,12.55,12.01,12.82,17,14,6,5,8,7.0,277,10.65,10.65,12.41,19,247.0,99,11.83,104
 Fatick,1,Deuxième Session,,8.05,NON ADMIS,1,2018,M,S1,ECOLE CATHOLIQUE COLLEGE SAINT PIERRE,Académie de Dakar,DAKAR,UNIVERSITE AMADOU HAMPATE BA,1,Pass,2,2006,14.05,12.27,10.83,9.38,5,10,13,7,8,4.0,216,8.0,10.15,10.5,19,215.0,176,8.05,211
Kaffrine,1,Deuxième Session,,2.0,NON ADMIS,1,2018,M,S2,LYCEE DE MALEM HODAR,Académie de Kaffrine,MALEM HODAR,LYCEE DE MALEM HODAR,2,Pass,2,2007,10.4,10.16,10.99,10.09,8,7,12,7,9,6.0,208,8.0,11.19,10.53,21,108.3,340,2.0,346
 Louga,1,Première Session,Bien,14.01,PASSE,1,2018,M,S1,NOUVEAU LYCEE DE LOUGA,Académie de Louga,LOUGA,LYCEE MALICK SALL,1,Pass,1,2004,15.29,13.83,12.88,13.79,12,11,9,5,10,6.0,283,10.48,10.48,11.5,20,274.0,47,114.01,10
 Kaolack,1,Deuxième Session,,8.41,NON ADMIS,1,2018,M,S2,LYCEE DE LATMINGUE,Académie de Kaolack,KOUTAL,LYCEE DE KOUTAL,1,Pass,2,2010,12.22,11.86,9.24,9.07,10,8,8,8,14,6.0,220,8.46,10.19,10.29,19,148.0,293,8.41,196
 Ziguinchor,1,Première Session,Passable,10.24,PASSE,1,2018,M,S1,LYCEE AHOUNE SANE,Académie de Ziguinchor,BIGNONA,CEM ARFANG BESIRE SONKO,1,Pass,2,2011,13.44,11.96,9.22,9.2,5,11,11,5,6,6.0,221,8.19,10.33,11.5,18,221.0,164,110.24,87
 Fatick,1,Deuxième Session,,1.12,NON ADMIS,1,2018,F,S2,LYCEE DE BASSOUL,Académie de Fatick,BASSOUL,LYCEE DE BASSOUL,1,Pass,2,1999,13.23,12.36,9.87,10.77,8,9,13,12,11,6.0,233,8.96,10.38,9.71,19,136.0,315,1.12,348
 Dakar,1,Deuxième Session,,2.52,NON ADMIS,1,2018,M,S2,COLLEGE JEAN DE LA FONTAINE,Académie de Dakar,DAKAR,INSTITUTION NOTRE DAME,4,Pass,2,2005,11.86,10.84,10.96,10.24,12,6,7,6,9,6.0,208,8.0,11.0,11.29,24,122.39999999999999,328,2.52,340
 Diourbel,1,Deuxième Session,,3.23,NON ADMIS,1,2018,M,S1,LYCEE DE BAMBEY SERERE,Académie de Diourbel,BAMBEY SERERE,LYCEE DE BAMBEY SERERE,1,Pass,2,2001,13.6,11.65,10.84,10.56,9,9,9,9,5,8.0,238,8.81,10.89,12.5,20,235.0,135,3.23,328
 Fatick,1,Deuxième Session,,6.91,NON ADMIS,1,2018,M,S2,LYCEE DE MBAR,Académie de Fatick,COLOBANE,LYCEE DE COLOBANE,1,ABien,1,2011,11.89,12.4,12.99,13.09,18,16,8,4,7,9.0,312,12.0,12.0,14.12,18,288.0,34,6.91,242
 Louga,1,Première Session,Passable,11.2,PASSE,1,2018,M,S1,LYCEE MACODOU KANGUE SALL,Académie de Louga,KEBEMER,LYCEE MACODOU KANGUE SALL,1,Pass,1,1997,13.51,13.29,10.42,10.87,10,13,12,4,6,4.0,270,10.0,10.0,11.5,21,268.0,55,111.2,53
 Fatick,1,Deuxième Session,Passable,11.55,PASSE,1,2018,F,S1,LYCEE DE NIAKHAR,Académie de Fatick,NIAKHAR,LYCEE DE NIAKHAR,1,Pass,2,1997,14.78,13.22,11.88,12.66,7,8,8,7,12,9.0,233,8.63,12.0,13.0,21,211.0,186,11.55,107
 Diourbel,1,Deuxième Session,,8.21,NON ADMIS,1,2018,M,S2,LYCEE D'ENSEIGNEMENT GENERAL DE DIOURBEL,Académie de Diourbel,DIOURBEL,LYCEE D'ENSEIGNEMENT GENERAL DE DIOURBEL,1,Pass,2,1999,10.68,11.0,10.03,9.0,15,7,11,6,11,5.0,233,8.96,11.04,11.47,19,187.0,216,8.21,207
 Dakar,1,Deuxième Session,,6.83,NON ADMIS,1,2018,M,S2,LYCEE SEYDINA ISSA ROHOU LAHI,Académie de Pikine - Guédiawaye,GUEDIAWAYE,ECOLE NANSEN,1,Pass,1,1999,10.09,11.89,12.57,10.32,10,11,13,8,6,9.0,260,10.0,10.0,10.0,19,166.0,253,6.83,247
 Matam,1,Deuxième Session,,5.25,NON ADMIS,1,2018,M,S2,LYCEE DE MATAM,Académie de Matam,MATAM,LYCEE DE MATAM,2,Pass,1,2008,11.28,9.75,10.82,10.08,12,13,10,13,10,6.0,270,10.38,10.38,10.24,21,176.7,237,5.25,283
 Thiès,1,Deuxième Session,Assez-Bien,12.2,PASSE,1,2018,M,S2,LYCEE LEOPOLD SEDAR SENGHOR,Académie de Thiès,JOAL,LYCEE LEOPOLD SEDAR SENGHOR,1,Pass,1,1997,14.03,11.42,11.46,11.64,12,14,10,8,8,10.0,284,10.92,10.92,12.0,21,192.0,215,12.2,102
 Matam,1,Deuxième Session,,2.64,NON ADMIS,1,2018,F,S2,LYCEE DE OUROSSOGUI,Académie de Matam,OUROSSOGUI,LYCEE DE OUROSSOGUI,1,Pass,2,2010,13.01,9.61,8.37,9.09,5,11,11,8,9,4.0,208,8.0,10.27,9.88,19,121.0,330,2.64,339
 Thiès,1,Deuxième Session,,6.98,NON ADMIS,1,2018,F,S2,LYCEE JULES SAGNA,Académie de Thiès,THIES,COLLEGE SAINT GABRIEL,1,Pass,2,2009,0.0,12.72,11.42,11.9,12,7,16,8,6,6.0,241,9.27,10.35,9.53,19,160.0,266,6.98,240
 Kaolack,1,Deuxième Session,,6.62,NON ADMIS,1,2018,M,S2,LYCEE MABA DIAKHOU BA,Académie de Kaolack,NIORO,LYCEE MABA DIAKHOU BA,1,Pass,2,2003,11.11,9.33,9.65,8.75,18,9,10,7,6,5.0,249,9.58,12.42,14.12,21,216.0,173,6.62,250
 Dakar,1,Deuxième Session,,7.78,NON ADMIS,1,2018,M,S1,ECOLE CATHOLIQUE COLLEGE SAINT PIERRE,Académie de Dakar,DAKAR,UNIVERSITE AMADOU HAMPATE BA,1,Pass,1,2000,14.81,13.1,13.5,11.79,11,9,8,8,14,12.0,276,10.22,10.22,10.0,18,263.0,69,7.78,217
 Diourbel,1,Première Session,Passable,11.77,PASSE,1,2018,M,S2,LYCEE VALDIODIO NDIAYE,Académie de Kaolack,KAOLACK,COLLEGE PIE XII,1,ABien,1,2010,14.05,12.1,14.92,14.83,13,17,10,11,8,8.0,312,12.0,12.0,12.65,18,249.0,96,111.77,39
 Dakar,1,Deuxième Session,Passable,10.38,PASSE,1,2017,M,S1,LYCEE THIERNO SAIDOU NOUROU TALL,Académie de Dakar,DAKAR,UNIVERSITE AMADOU HAMPATE BA,1,Pass,2,1996,16.32,11.88,11.8,11.16,6,9,11,7,12,5.0,216,8.0,10.0,9.5,22,208.0,189,10.38,135
 Dakar,1,Deuxième Session,,2.67,NON ADMIS,1,2018,F,S2,LYCEE ABDOULAYE SADJI,Académie de Rufisque,RUFISQUE,LYCEE MODERNE DE RUFISQUE,1,Pass,1,2010,13.21,12.2,10.98,11.37,8,11,14,10,9,8.0,260,10.0,10.0,9.06,18,148.0,293,2.67,338
 Diourbel,1,Deuxième Session,,8.24,AUTORISE,1,2018,M,S1,LYCEE DE NDANGALMA,Académie de Diourbel,NDANGALMA,LYCEE DE NDANGALMA,2,Pass,2,2002,13.75,10.53,10.08,9.33,7,10,7,6,7,8.0,216,8.0,11.78,14.5,22,211.85,185,8.24,204
 Dakar,1,Deuxième Session,,4.37,NON ADMIS,1,2017,M,S1,LYCEE MODERNE DE RUFISQUE,Académie de Rufisque,RUFISQUE,LYCEE MODERNE DE RUFISQUE,2,Pass,1,1997,14.5,12.7,13.42,12.37,8,13,12,7,14,6.0,286,10.59,10.59,10.5,21,237.5,128,4.37,309
 Dakar,1,Deuxième Session,,5.49,NON ADMIS,1,2018,M,S2,LYCEE BLAISE DIAGNE,Académie de Dakar,DAKAR,LYCEE LAMINE GUEYE,1,Pass,2,1997,9.65,10.47,8.75,8.72,10,10,10,3,6,9.0,226,8.69,10.38,11.76,21,150.0,290,5.49,274
 Thiès,1,Deuxième Session,,6.91,NON ADMIS,1,2018,M,S2,LYCEE VALDIODIO NDIAYE,Académie de Kaolack,KAOLACK,COLLEGE PIE XII,2,Pass,2,2004,9.73,10.91,10.51,9.21,9,12,10,4,8,3.0,208,8.0,10.42,11.65,23,145.35,297,6.91,242
 Kaolack,1,Deuxième Session,,6.89,NON ADMIS,1,2018,M,S2,LYCEE DE KEUR MASSAR ,Académie de Pikine - Guédiawaye,KEUR MASSAR,LYCEE ZONE DE RECASEMENT DE KEUR MASSAR ,1,Pass,2,2014,12.43,11.08,10.74,9.93,13,10,7,7,2,4.0,208,8.0,10.08,10.88,19,187.0,216,6.89,244
 Louga,1,Première Session,Passable,11.79,PASSE,1,2018,M,S2,NOUVEAU LYCEE DE LOUGA,Académie de Louga,LOUGA,LYCEE MALICK SALL,1,Pass,1,1999,14.37,12.62,13.36,13.4,18,16,8,5,9,3.0,272,10.46,10.46,12.0,19,268.0,55,111.78999999999999,37
 Dakar,1,Première Session,Passable,10.44,PASSE,1,2018,F,S1,LYCEE MODERNE DE RUFISQUE,Académie de Rufisque,RUFISQUE,LYCEE MODERNE DE RUFISQUE,1,Pass,1,2010,15.25,12.67,11.52,13.17,10,10,9,7,9,12.0,271,10.04,10.04,10.0,19,260.0,75,110.44,83
 Dakar,1,Deuxième Session,,8.62,AUTORISE,1,2018,F,S2,LYCEE JOHN F KENNEDY,Académie de Dakar,DAKAR,LYCEE LAMINE GUEYE,1,Pass,1,1999,14.61,11.73,13.0,12.56,13,12,10,11,9,6.0,269,10.35,10.35,10.18,19,199.0,202,8.62,191
 Dakar,1,Deuxième Session,,6.6,NON ADMIS,1,2018,M,S2,LYCEE PLAN JAXAAY,Académie de Rufisque,JAXAAY,LYCEE PLAN JAXAAY,1,Pass,2,1999,14.19,10.74,12.37,13.51,12,10,9,6,11,7.0,240,9.23,11.31,12.0,19,178.0,234,6.6,252
 Dakar,1,Deuxième Session,,9.43,AUTORISE,1,2018,F,S2,LYCEE BLAISE DIAGNE,Académie de Dakar,DAKAR,LYCEE LAMINE GUEYE,1,Pass,1,1999,14.29,14.48,13.25,13.07,19,10,13,7,5,7.0,284,10.92,10.92,11.59,19,241.0,113,9.43,157
 Thiès,1,Première Session,Passable,10.62,PASSE,1,2018,M,S1,LYCEE CHEIKH AMADOU LAMINE DABO,Académie de Thiès,MBOUR,COMPLEXE SCOLAIRE INTERN-KEUR MADIOR,1,Pass,1,1997,14.15,13.62,12.11,12.39,11,11,9,10,9,9.0,273,10.11,10.11,11.0,21,265.0,65,110.62,79
 Dakar,1,Deuxième Session,,9.35,AUTORISE,1,2017,F,S1,LYCEE CHERIF SAMSIDINE AIDARA,Académie de Kolda,VELINGARA,ECOLE ELEMENTAIRE THIERNO SOUAIBOU SOUARE,1,Pass,2,1998,13.69,10.81,11.64,11.36,5,10,12,7,5,7.0,216,8.0,10.15,10.5,21,205.0,196,9.35,162
 Louga,1,Deuxième Session,,3.63,NON ADMIS,1,2018,F,S2,LYCEE DE GUEOUL,Académie de Louga,GUEOUL,LYCEE DE GUEOUL,2,Pass,2,2004,11.77,10.14,10.65,10.91,17,6,7,9,6,8.0,236,9.08,11.27,12.76,20,179.54999999999998,233,3.63,323
 Dakar,1,Deuxième Session,,8.4,NON ADMIS,1,2018,M,S2,LYCEE DE TIVAOUANE PEULH,Académie de Rufisque,TIVAOUANE PEULH,LYCEE DE TIVAOUANE PEULH,2,Pass,2,2002,10.22,11.44,10.31,8.89,11,10,10,4,7,7.0,222,8.54,10.15,11.35,23,151.04999999999998,284,8.4,198
 Thiès,1,Deuxième Session,Passable,10.46,PASSE,1,2018,F,S1,LYCEE CHEIKH AMADOU LAMINE DABO,Académie de Thiès,MBOUR,COMPLEXE SCOLAIRE INTERN-KEUR MADIOR,1,Pass,1,1999,15.57,15.18,13.3,13.07,12,9,11,10,13,8.0,292,10.81,10.81,10.5,19,272.0,48,10.46,132
 Thiès,1,Première Session,Assez-Bien,13.24,PASSE,1,2018,M,S1,LYCEE ABABACAR SY,Académie de Thiès,TIVAOUANE,LYCEE ABABACAR SY,1,ABien,1,2005,13.32,13.98,14.5,14.31,13,15,9,11,8,9.0,330,12.22,12.22,14.0,21,327.0,9,113.24,16
 Dakar,1,Deuxième Session,,6.4,NON ADMIS,1,2018,F,S2,LYCEE DAROU KHOUDOSS ,Académie de Thiès,DAROU KHOUDOSS,LYCEE DAROU KHOUDOSS ,2,Pass,2,1995,10.99,9.74,10.19,9.66,10,10,6,5,3,8.0,208,8.0,10.0,11.41,23,142.5,300,6.4,258
 Ziguinchor,1,Deuxième Session,,8.5,NON ADMIS,1,2018,M,S2,CANDIDAT INDIVIDUEL ZIGUINCHOR (CAOSP),Académie de Ziguinchor,ZIGUINCHOR,LYCEE DE BAILA,5,Pass,2,1992,0.0,0.0,0.0,0.0,8,11,3,5,8,9.0,220,8.46,10.92,10.71,26,117.3,335,8.5,194
 Thiès,1,Première Session,Assez-Bien,12.87,PASSE,1,2018,M,S1,LYCEE DEMBA DIOP,Académie de Thiès,MBOUR,COMPLEXE SCOLAIRE INTERN-KEUR MADIOR,1,Pass,1,2010,15.55,13.27,14.67,13.84,10,12,8,11,12,7.0,293,10.85,10.85,11.0,19,272.0,48,112.87,25
 Dakar,1,Première Session,Passable,10.35,PASSE,1,2018,M,S1,LYCEE DE SEBIKOTANE,Académie de Rufisque,SEBIKOTANE,LYCEE DE SEBIKOTANE,1,Pass,1,1998,14.66,12.16,10.87,11.31,10,11,12,8,13,5.0,270,10.0,10.0,10.5,20,256.0,81,110.35,84
 Fatick,1,Deuxième Session,,10.67,AUTORISE,1,2018,M,S2,LYCEE DE PASSY,Académie de Fatick,PASSY,LYCEE DE PASSY,1,Pass,1,1998,11.16,13.32,9.75,11.59,14,12,6,8,7,8.0,260,10.0,10.0,11.18,21,198.0,203,10.67,125
 Dakar,1,Deuxième Session,,8.81,AUTORISE,1,2018,F,S2,LYCEE DE THIAROYE,Académie de Pikine - Guédiawaye,PIKINE,LYCEE DE THIAROYE,1,Pass,2,1999,13.09,11.56,10.96,10.85,11,8,5,5,4,10.0,219,8.42,10.19,11.59,19,157.0,274,8.81,186
 Dakar,1,Deuxième Session,,2.22,NON ADMIS,1,2018,M,S2,CANDIDAT INDIVIDUEL DE PIKINE (CAOSP),Académie de Pikine - Guédiawaye,GUEDIAWAYE,UNIVERSITE AMADOU HAMPATE BA,8,Pass,2,1984,0.0,0.0,0.0,0.0,14,10,5,3,7,4.0,208,8.0,10.08,11.18,34,158.1,273,2.22,343
 Dakar,1,Première Session,Passable,11.64,PASSE,1,2018,M,S1,LYCEE MIXTE MAURICE DELAFOSSE,Académie de Dakar,DAKAR,UNIVERSITE AMADOU HAMPATE BA,1,Pass,1,1998,13.47,11.23,12.77,13.55,13,12,9,6,11,7.0,289,10.7,10.7,12.5,20,289.0,31,111.64,44
,1,Première Session,Assez-Bien,12.58,PASSE,1,2018,M,S2,ECOLE PRIVEE LES TROIS SCIENTIFIQUES,Académie de Rufisque,RUFISQUE,CEM MOMAR SENE WALY,1,ABien,1,1998,15.35,16.52,14.84,15.61,17,13,13,9,7,8.0,311,11.96,12.0,12.41,20,251.0,90,112.58,29
 Kaolack,1,Deuxième Session,,5.4,NON ADMIS,1,2018,M,S2,LYCEE DE KAHONE,Académie de Kaolack,KAHONE,LYCEE DE KAHONE,1,Pass,2,2011,11.15,12.25,10.72,10.61,10,9,10,7,4,7.0,216,8.31,10.04,10.35,19,154.0,278,5.4,277
 Saint-Louis,1,Première Session,Passable,10.09,PASSE,1,2018,M,S2,LYCEE DE RICHARD TOLL,Académie de Saint - Louis,RICHARD TOLL,CEM II DE RICHARD-TOLL,1,Pass,2,1999,11.27,10.73,10.34,10.44,17,13,4,5,8,5.0,241,9.27,12.73,15.24,19,241.0,113,110.09,93
 Kaolack,1,Deuxième Session,,6.12,NON ADMIS,1,2018,M,S2,LYCEE MABA DIAKHOU BA,Académie de Kaolack,NIORO,LYCEE MABA DIAKHOU BA,2,Pass,2,2010,10.36,11.31,9.77,11.02,12,9,11,8,2,9.0,239,9.19,10.88,12.35,20,153.9,281,6.12,263
 Kaolack,1,Deuxième Session,Passable,10.67,PASSE,1,2018,M,S2,LYCEE VALDIODIO NDIAYE,Académie de Kaolack,KAOLACK,COLLEGE PRIVE MBOUTOU SOW,1,Pass,1,2000,13.65,14.3,14.3,14.54,18,15,8,5,11,6.0,294,11.31,11.31,12.71,18,262.0,72,10.67,125
 Dakar,1,Deuxième Session,,2.22,NON ADMIS,1,2018,F,S2,NOUVEAU LYCEE DE LOUGA,Académie de Louga,LOUGA,LYCEE MALICK SALL,2,Pass,2,2017,10.77,11.41,10.01,11.62,8,9,7,12,5,6.0,209,8.04,10.81,11.18,22,119.69999999999999,331,2.22,343
 Dakar,1,Deuxième Session,Passable,10.0,PASSE,1,2018,M,S1,LYCEE DE KEUR MASSAR ,Académie de Pikine - Guédiawaye,KEUR MASSAR,LYCEE ZONE DE RECASEMENT DE KEUR MASSAR ,1,Pass,2,1999,13.71,11.99,14.37,12.85,8,9,7,5,9,9.0,232,8.59,10.74,12.0,19,236.0,132,10.0,148
 Ziguinchor,1,Deuxième Session,,7.97,NON ADMIS,1,2017,M,S1,LYCEE DJIGNABO,Académie de Ziguinchor,ZIGUINCHOR,COLLEGE SAINT CHARLES LWANGA,1,Pass,1,1999,12.94,12.45,11.11,11.61,7,12,12,12,12,7.0,280,10.37,10.37,9.5,19,245.0,103,7.97,213
 Fatick,1,Deuxième Session,,8.12,NON ADMIS,1,2018,M,S1,LYCEE DE NIAKHAR,Académie de Fatick,NIAKHAR,LYCEE DE NIAKHAR,1,Pass,1,1998,13.64,12.69,11.14,12.73,9,10,11,13,13,10.0,288,10.67,10.67,9.5,20,241.0,113,8.12,208
 Saint-Louis,1,Deuxième Session,,5.43,NON ADMIS,1,2018,F,S2,LYCEE EL HADJ OMAR FOUTIYOU TALL,Académie de Saint - Louis,SAINT LOUIS,LYCEE TECHNIQUE ANDRE PEYTAVIN,2,Pass,1,1997,9.93,9.78,10.6,10.67,12,10,12,6,10,9.0,264,10.15,10.15,10.24,21,159.6,269,5.43,276
 Fatick,1,Deuxième Session,,2.91,NON ADMIS,1,2018,F,S2,COURS PRIVES MBOUTOU SOW,Académie de Kaolack,KAOLACK,COLLEGE PIE XII,1,Pass,1,1999,12.78,11.5,11.72,12.17,8,12,11,10,9,8.0,260,10.0,10.0,9.41,19,154.0,278,2.91,332
 Louga,1,Deuxième Session,Passable,10.62,PASSE,1,2018,M,S1,LYCEE MACODOU KANGUE SALL,Académie de Louga,KEBEMER,LYCEE MACODOU KANGUE SALL,1,Pass,2,1998,11.57,12.01,11.14,10.08,8,14,10,4,4,4.0,242,8.96,10.81,13.5,20,256.0,81,10.62,128
 Kaolack,1,Deuxième Session,,7.77,AUTORISE,1,2018,M,S2,LYCEE DE NDOFFANE,Académie de Kaolack,NDOFFANE,LYCEE DE NDOFFANE,1,Pass,1,2006,11.5,12.97,11.81,11.36,16,12,7,8,10,5.0,263,10.12,10.12,10.71,17,226.0,154,7.77,220
 Diourbel,1,Première Session,Passable,11.0,PASSE,1,2018,M,S1,LYCEE DE NDANGALMA,Académie de Diourbel,NDANGALMA,LYCEE DE NDANGALMA,1,Pass,1,2006,13.56,10.5,9.67,10.04,10,11,12,6,7,9.0,270,10.0,10.0,10.5,19,266.0,62,111.0,62
 Saint-Louis,1,Deuxième Session,,4.08,NON ADMIS,1,2018,M,S2,LYCEE BABA DIONGUE,Académie de Saint - Louis,PODOR,LYCEE BABA DIONGUE,1,Pass,1,2009,12.37,11.76,9.94,9.13,11,9,11,8,10,9.0,260,10.0,10.0,9.59,21,153.0,283,4.08,315
 Thiès,1,Deuxième Session,,5.01,NON ADMIS,1,2018,M,S2,LYCEE AHMADOU NDACK SECK THIES,Académie de Thiès,THIES,ECOLE ELEMENTAIRE GERMAINE LE GOFF DE THIES,1,Pass,1,1997,12.35,13.62,11.38,11.64,13,13,7,11,7,8.0,269,10.35,10.35,11.24,21,195.0,207,5.01,287
 Dakar,1,Deuxième Session,,9.24,AUTORISE,1,2018,M,S2,LYCEE DE YOFF,Académie de Dakar,PARCELLES ASSAINIES,CEM UNITE 19,2,ABien,1,1997,10.72,11.08,13.18,14.19,17,16,10,9,6,7.0,312,12.0,12.0,13.12,21,255.54999999999998,83,9.24,167
 Louga,1,Deuxième Session,Passable,10.4,PASSE,1,2018,M,S2,LYCEE DE NDANDE,Académie de Louga,NDANDE,LYCEE DE NDANDE,1,Pass,2,2007,13.08,12.6,11.96,11.44,18,8,6,7,12,4.0,238,9.15,13.88,15.88,19,220.0,165,10.4,133
 Fatick,1,Deuxième Session,,5.23,NON ADMIS,1,2018,F,S2,LYCEE DE DIOFIOR,Académie de Fatick,DIOFIOR,LYCEE DE DIOFIOR,1,Pass,1,2000,12.21,11.73,10.83,10.95,10,12,10,10,8,7.0,260,10.0,10.0,9.65,18,172.0,244,5.23,284
 Kaolack,1,Deuxième Session,,4.63,NON ADMIS,1,2018,M,S2,LYCEE MIXTE NGANE SAER ,Académie de Kaolack,NGANE SAER,LYCEE MIXTE NGANE SAER ,1,Pass,2,2011,12.24,9.9,9.42,10.31,9,7,12,7,8,5.0,208,8.0,10.0,9.71,18,133.0,320,4.63,301
 Ziguinchor,1,Deuxième Session,,5.57,NON ADMIS,1,2018,M,S2,COLLEGE SAINT CHARLES LWANGA,Académie de Ziguinchor,ZIGUINCHOR,COLLEGE SAINT CHARLES LWANGA,1,ABien,1,2000,12.17,12.84,11.77,13.12,17,14,12,6,6,9.0,312,12.0,12.0,13.12,18,267.0,59,5.57,271
 Kaolack,1,Deuxième Session,,8.8,NON ADMIS,1,2018,M,S2,LYCEE MABA DIAKHOU BA,Académie de Kaolack,NIORO,LYCEE MABA DIAKHOU BA,1,Pass,1,1999,12.95,14.61,12.16,12.33,18,13,9,4,9,6.0,280,10.77,10.77,12.0,20,240.0,122,8.8,187
 Fatick,1,Deuxième Session,,2.06,NON ADMIS,1,2018,F,S1,LYCEE DIOGOYE BASILE SENGHOR FIMELA,Académie de Fatick,FIMELA,LYCEE DIOGOYE BASILE SENGHOR FIMELA,1,Pass,2,2011,12.16,10.96,9.45,9.72,7,7,13,8,6,6.0,216,8.0,10.67,11.5,19,215.0,176,2.06,345
 Ziguinchor,1,Deuxième Session,,2.84,NON ADMIS,1,2018,M,S2,LYCEE DE DJIBIDIONE,Académie de Ziguinchor,DJIBIDIONE,LYCEE DE DJIBIDIONE,3,Pass,2,1995,10.19,10.22,11.81,12.15,10,6,11,13,10,7.0,226,8.69,12.31,12.82,23,113.4,338,2.84,334
 Dakar,1,Deuxième Session,,5.56,NON ADMIS,1,2018,F,S1,LYCEE MIXTE MAURICE DELAFOSSE,Académie de Dakar,DAKAR,UNIVERSITE AMADOU HAMPATE BA,1,Pass,1,1998,14.79,13.62,11.41,10.62,13,13,9,7,7,9.0,293,10.85,10.85,13.0,20,295.0,26,5.56,272
 Dakar,1,Première Session,Passable,10.85,PASSE,1,2018,F,S1,LYCEE JOHN F KENNEDY,Académie de Dakar,DAKAR,LYCEE TECHNIQUE INDUSTRIEL DELAFOSSE,1,Pass,2,2000,15.07,12.07,10.67,9.07,7,9,10,8,10,7.0,239,8.85,12.22,13.5,19,227.0,152,110.85,70
 Thiès,1,Deuxième Session,,7.71,NON ADMIS,1,2018,M,S3,LYCEE D' ENSEIGNEMENT TECHNIQUE ET DE FORMATION PROFESSIONELLE DE TH,Académie de Thiès,THIES,LYCEE D' ENSEIGNEMENT TECHNIQUE ET DE FORMATION PR,1,Pass,2,1998,13.63,13.56,11.6,11.28,10,8,6,11,4,,323,8.97,13.47,15.0,20,238.0,124,7.71,221
 Dakar,1,Première Session,Passable,10.75,PASSE,1,2018,M,S2,LYCEE DE MBAO,Académie de Pikine - Guédiawaye,MBAO,ECOLE ELEMENTAIRE LGI MBAO,1,ABien,1,1999,13.11,13.46,11.59,10.67,14,16,8,10,11,11.0,313,12.04,12.04,13.65,19,252.0,88,110.75,75
 Thiès,1,Deuxième Session,,9.86,AUTORISE,1,2018,F,S1,LYCEE MODERNE DE RUFISQUE,Académie de Rufisque,RUFISQUE,LYCEE MODERNE DE RUFISQUE,1,Pass,1,2000,14.63,12.31,10.98,11.32,9,9,9,12,10,10.0,271,10.04,10.04,9.0,18,245.0,103,9.86,151
 Fatick,1,Deuxième Session,Passable,10.12,PASSE,1,2018,M,S2,LYCEE DE PASSY,Académie de Fatick,PASSY,LYCEE DE PASSY,2,Pass,1,2007,10.14,11.47,8.06,7.85,16,14,7,6,8,6.0,269,10.35,10.35,11.76,20,216.6,171,10.12,144
 Dakar,1,Deuxième Session,,7.05,NON ADMIS,1,2018,M,S2,LYCEE DE THIAROYE,Académie de Pikine - Guédiawaye,PIKINE,CEM THIAROYE 44,1,Pass,2,1999,15.04,11.06,12.44,11.31,8,9,12,11,8,7.0,232,8.92,10.73,10.65,19,136.0,315,7.05,239
 Kaolack,1,Deuxième Session,,4.95,NON ADMIS,1,2018,M,S2,LYCEE VALDIODIO NDIAYE,Académie de Kaolack,KAOLACK,COLLEGE PRIVE MBOUTOU SOW,2,Pass,2,2009,10.12,9.72,8.75,9.04,17,10,8,9,9,4.0,245,9.42,10.81,12.06,22,202.35,198,4.95,291
 Dakar,1,Deuxième Session,,8.74,NON ADMIS,1,2018,M,S2,LYCEE DES PARCELLES ASSAINIES U13,Académie de Dakar,PARCELLES ASSAINIES,ECOLE CATHOLIQUE CARDINAL HYACINTHE THIANDOUM,1,ABien,1,1999,11.53,11.24,12.03,13.3,17,14,9,11,6,10.0,312,12.0,12.0,13.47,19,267.0,59,8.74,188
 Thiès,1,Première Session,Passable,10.88,PASSE,1,2018,M,S1,LYCEE AHMADOU NDACK SECK THIES,Académie de Thiès,THIES,CEM MAMADOU DIAW THIES,1,ABien,1,1998,13.72,13.32,13.55,12.62,13,11,16,12,8,10.0,324,12.0,12.0,12.0,20,303.0,20,110.88,67
Sédhiou,1,Première Session,Assez-Bien,13.38,PASSE,1,2018,M,S1,LYCEE CHEIKH MOUHAMADOU MOUSTAPHA MBACKE,Académie de Diourbel,DIOURBEL,LYCEE TECHNIQUE AMADOU BAMBA,1,ABien,1,2000,13.21,12.5,12.16,14.41,13,11,15,11,8,9.0,324,12.0,12.0,12.0,18,313.0,14,113.38,15
 Thiès,1,Deuxième Session,,7.78,NON ADMIS,1,2018,M,S1,LYCEE AHMADOU NDACK SECK THIES,Académie de Thiès,THIES,CEM MAMADOU DIAW THIES,1,Pass,1,1998,15.75,13.66,14.76,14.53,8,10,15,10,12,10.0,281,10.41,10.41,9.0,20,232.0,143,7.78,217
 Dakar,1,Première Session,Passable,10.87,PASSE,1,2017,F,S1,LYCEE THIERNO SAIDOU NOUROU TALL,Académie de Dakar,DAKAR,UNIVERSITE AMADOU HAMPATE BA,1,Pass,1,1998,14.8,12.05,11.15,11.51,8,9,11,11,16,8.0,270,10.0,10.0,8.5,20,226.0,154,110.87,68
 Dakar,1,Première Session,Passable,10.07,PASSE,1,2017,F,S1,LYCEE PLAN JAXAAY,Académie de Rufisque,JAXAAY,LYCEE PLAN JAXAAY,1,Pass,1,2004,13.97,11.9,12.63,13.03,9,9,8,11,13,12.0,270,10.0,10.0,9.0,21,235.0,135,110.07,95
 Dakar,1,Deuxième Session,Passable,10.9,PASSE,1,2018,M,S1,ECOLE PRIVEE DAVID DIOP MENDES,Académie de Pikine - Guédiawaye,MBAO,LYCEE DE MBAO,1,Pass,1,1998,12.89,12.45,10.28,11.65,12,10,10,6,10,2.0,270,10.0,10.0,11.0,20,268.0,55,10.9,120
 Kolda,1,Deuxième Session,Passable,10.39,PASSE,1,2018,M,S2,"LYCEE CATHOLIQUE PRIVE ""SAINT BENOIT""",Académie de Kolda,KOLDA,LYCEE ALPHA MOLO BALDE,1,ABien,1,1999,12.77,11.23,12.52,12.8,12,13,16,5,11,12.0,309,11.88,12.19,12.35,19,216.0,173,10.39,134
 Kaolack,1,Première Session,Assez-Bien,12.74,PASSE,1,2018,M,S1,LYCEE VALDIODIO NDIAYE,Académie de Kaolack,KAOLACK,COLLEGE PIE XII,1,ABien,1,2010,14.26,13.34,13.48,14.4,16,12,10,10,14,3.0,326,12.07,12.07,14.0,19,346.0,2,112.74,28
 Saint-Louis,1,Première Session,Assez-Bien,13.4,PASSE,1,2018,M,S1,LYCEE EL HADJ OMAR FOUTIYOU TALL,Académie de Saint - Louis,SAINT LOUIS,LYCEE TECHNIQUE ANDRE PEYTAVIN,1,Pass,1,1999,16.15,14.93,13.8,13.02,10,12,8,10,5,13.0,271,10.04,10.04,11.0,19,272.0,48,113.4,14
 Thiès,1,Deuxième Session,,4.71,NON ADMIS,1,2017,M,S1,LYCEE DE THIADIAYE,Académie de Thiès,THIADIAYE,LYCEE DE THIADIAYE,1,Pass,2,1996,13.45,12.09,9.97,9.19,7,11,12,5,8,7.0,242,8.96,10.0,9.5,22,229.0,148,4.71,299
 Thiès,1,Deuxième Session,,7.4,NON ADMIS,1,2018,M,S2,LYCEE BLAISE DIAGNE,Académie de Dakar,DAKAR,LYCEE LAMINE GUEYE,2,Pass,2,2010,10.71,11.37,10.62,8.25,11,10,6,6,5,5.0,208,8.0,10.77,12.06,20,151.04999999999998,284,7.4,232
 Diourbel,1,Première Session,Assez-Bien,12.46,PASSE,1,2018,M,S1,LYCEE DE NDANGALMA,Académie de Diourbel,NDANGALMA,LYCEE DE NDANGALMA,1,Pass,1,2015,14.8,12.31,12.79,12.43,13,12,12,5,11,8.0,299,11.07,11.07,12.5,21,289.0,31,112.46000000000001,30
 Dakar,1,Deuxième Session,,8.41,NON ADMIS,1,2018,M,S2,LYCEE DE THIAROYE,Académie de Pikine - Guédiawaye,PIKINE,CEM THIAROYE 44,1,Pass,2,1997,10.63,13.07,11.69,0.0,15,7,11,5,7,4.0,218,8.38,11.23,12.53,21,177.0,235,8.41,196
 Matam,1,Deuxième Session,Assez-Bien,12.39,PASSE,1,2018,M,S1,LYCEE DE MATAM,Académie de Matam,MATAM,LYCEE DE MATAM,2,ABien,1,2010,13.39,12.61,13.1,12.27,12,13,16,10,14,17.0,358,13.26,13.26,12.5,21,290.7,30,12.39,101
 Diourbel,1,Deuxième Session,,5.64,NON ADMIS,1,2018,M,S2,ECOLE PRIVEE SERIGNE SOHIBOU MBACKE,Académie de Diourbel,DIOURBEL,LYCEE D'ENSEIGNEMENT GENERAL DE DIOURBEL,2,Pass,1,2009,10.46,9.23,7.95,7.9,18,9,11,7,10,11.0,307,11.81,11.81,12.35,21,205.2,194,5.64,267
 Dakar,1,Première Session,Assez-Bien,12.0,PASSE,1,2018,M,S1,LYCEE MIXTE MAURICE DELAFOSSE,Académie de Dakar,DAKAR,UNIVERSITE AMADOU HAMPATE BA,1,Pass,1,2015,14.56,13.03,11.46,13.3,11,12,12,6,6,9.0,283,10.48,10.48,11.5,19,281.0,38,112.0,32
 Saint-Louis,1,Première Session,Passable,10.0,PASSE,1,2018,M,S2,LYCEE DE TASSINERE,Académie de Saint - Louis,TASSINERE,LYCEE DE TASSINERE,2,Pass,1,2006,10.68,10.38,12.96,13.5,17,15,8,7,3,10.0,304,11.69,11.69,13.82,20,230.85,145,110.0,96
 Saint-Louis,1,Deuxième Session,,8.83,AUTORISE,1,2018,M,S2,LYCEE DE ROSSO SENEGAL,Académie de Saint - Louis,ROSSO SENEGAL,LYCEE DE ROSSO SENEGAL,2,Pass,1,2009,12.38,9.75,12.61,11.58,16,14,11,8,8,4.0,269,10.35,10.35,11.06,20,216.6,171,8.83,184
 Kolda,1,Deuxième Session,,8.32,NON ADMIS,1,2018,M,S2,"ECOLE PRIVEE LAIQUE ""LYCEE D'ELITE""",Académie de Tambacounda,TAMBACOUNDA,LYCEE MAME CHEIKH MBAYE,3,Pass,2,2003,10.12,9.3,13.85,11.53,10,11,10,7,7,3.0,208,8.0,10.27,11.18,21,140.4,305,8.32,203
 Dakar,1,Deuxième Session,Passable,11.88,PASSE,1,2018,M,S1,LYCEE DE THIAROYE,Académie de Pikine - Guédiawaye,PIKINE,LYCEE DE THIAROYE,1,ABien,1,2001,16.21,13.64,12.74,14.04,13,13,14,7,12,8.0,324,12.0,12.0,13.0,18,325.0,10,11.88,103
 Dakar,1,Deuxième Session,,10.18,AUTORISE,1,2018,M,S1,LYCEE ABDOULAYE SADJI,Académie de Rufisque,RUFISQUE,LYCEE MODERNE DE RUFISQUE,1,ABien,1,1999,14.63,12.21,12.37,12.93,11,11,12,12,15,11.0,328,12.15,12.15,11.0,19,295.0,26,10.18,141
